symbol,price_date,close_price
AAPL,2024-09-02,225.00
AAPL,2024-09-03,226.77
AAPL,2024-09-04,227.09
AAPL,2024-09-05,229.87
AAPL,2024-09-06,226.60
AAPL,2024-09-09,227.31
AAPL,2024-09-10,224.89
AAPL,2024-09-11,223.67
AAPL,2024-09-12,222.92
AAPL,2024-09-13,221.01
AAPL,2024-09-16,216.60
AAPL,2024-09-17,214.55
AAPL,2024-09-18,209.57
AAPL,2024-09-19,208.76
AAPL,2024-09-20,208.61
AAPL,2024-09-23,205.66
AAPL,2024-09-24,207.37
AAPL,2024-09-25,208.24
AAPL,2024-09-26,208.75
AAPL,2024-09-27,206.05
AAPL,2024-09-30,209.10
AAPL,2024-10-01,210.19
AAPL,2024-10-02,211.71
AAPL,2024-10-03,212.49
AAPL,2024-10-04,212.70
AAPL,2024-10-07,211.79
AAPL,2024-10-08,211.61
AAPL,2024-10-09,209.72
AAPL,2024-10-10,209.69
AAPL,2024-10-11,206.52
AAPL,2024-10-14,206.14
AAPL,2024-10-15,204.37
AAPL,2024-10-16,207.22
AAPL,2024-10-17,203.55
AAPL,2024-10-18,201.51
AAPL,2024-10-21,200.66
AAPL,2024-10-22,199.79
AAPL,2024-10-23,196.49
AAPL,2024-10-24,197.17
AAPL,2024-10-25,194.88
AAPL,2024-10-28,191.93
AAPL,2024-10-29,190.48
AAPL,2024-10-30,191.38
AAPL,2024-10-31,193.40
AAPL,2024-11-01,194.23
AAPL,2024-11-04,195.43
AAPL,2024-11-05,196.66
AAPL,2024-11-06,195.90
AAPL,2024-11-07,195.43
AAPL,2024-11-08,192.18
AAPL,2024-11-11,190.01
AAPL,2024-11-12,188.42
AAPL,2024-11-13,186.90
AAPL,2024-11-14,187.60
AAPL,2024-11-15,184.13
AAPL,2024-11-18,184.52
AAPL,2024-11-19,184.82
AAPL,2024-11-20,188.88
AAPL,2024-11-21,190.21
AAPL,2024-11-22,187.45
AAPL,2024-11-25,184.95
AAPL,2024-11-26,184.32
AAPL,2024-11-27,185.19
AAPL,2024-11-28,183.10
AAPL,2024-11-29,183.21
AAPL,2024-12-02,185.94
AAPL,2024-12-03,184.96
AAPL,2024-12-04,183.41
AAPL,2024-12-05,183.92
AAPL,2024-12-06,184.62
AAPL,2024-12-09,185.16
AAPL,2024-12-10,188.19
AAPL,2024-12-11,186.21
AAPL,2024-12-12,186.72
AAPL,2024-12-13,184.97
AAPL,2024-12-16,181.44
AAPL,2024-12-17,183.46
AAPL,2024-12-18,179.67
AAPL,2024-12-19,179.56
AAPL,2024-12-20,181.29
AAPL,2024-12-23,182.49
AAPL,2024-12-24,188.77
AAPL,2024-12-25,186.63
AAPL,2024-12-26,186.17
AAPL,2024-12-27,185.87
AAPL,2024-12-30,188.01
AAPL,2024-12-31,187.37
AAPL,2025-01-01,188.86
AAPL,2025-01-02,190.27
AAPL,2025-01-03,195.16
AAPL,2025-01-06,193.69
AAPL,2025-01-07,189.75
AAPL,2025-01-08,190.01
AAPL,2025-01-09,193.57
AAPL,2025-01-10,190.38
AAPL,2025-01-13,188.94
AAPL,2025-01-14,190.88
AAPL,2025-01-15,190.36
AAPL,2025-01-16,191.59
AAPL,2025-01-17,190.26
AAPL,2025-01-20,192.89
AAPL,2025-01-21,197.14
AAPL,2025-01-22,197.98
AAPL,2025-01-23,194.02
AAPL,2025-01-24,192.43
AAPL,2025-01-27,190.49
AAPL,2025-01-28,189.36
AAPL,2025-01-29,193.91
AAPL,2025-01-30,197.39
AAPL,2025-01-31,201.43
AAPL,2025-02-03,204.60
AAPL,2025-02-04,199.98
AAPL,2025-02-05,200.40
AAPL,2025-02-06,204.43
AAPL,2025-02-07,205.50
AAPL,2025-02-10,206.29
AAPL,2025-02-11,205.56
AAPL,2025-02-12,202.22
AAPL,2025-02-13,204.13
AAPL,2025-02-14,207.02
AAPL,2025-02-17,204.77
AAPL,2025-02-18,202.00
AAPL,2025-02-19,201.75
AAPL,2025-02-20,203.79
AAPL,2025-02-21,203.63
AAPL,2025-02-24,203.92
AAPL,2025-02-25,205.14
AAPL,2025-02-26,202.09
AAPL,2025-02-27,205.11
AAPL,2025-02-28,206.06
AAPL,2025-03-03,211.34
AAPL,2025-03-04,211.57
AAPL,2025-03-05,211.97
AAPL,2025-03-06,210.42
AAPL,2025-03-07,209.26
AAPL,2025-03-10,207.08
AAPL,2025-03-11,207.10
AAPL,2025-03-12,205.10
AAPL,2025-03-13,203.87
AAPL,2025-03-14,208.11
AAPL,2025-03-17,211.92
AAPL,2025-03-18,213.21
AAPL,2025-03-19,211.40
AAPL,2025-03-20,210.37
AAPL,2025-03-21,211.66
AAPL,2025-03-24,210.36
AAPL,2025-03-25,210.50
AAPL,2025-03-26,208.74
AAPL,2025-03-27,208.59
AAPL,2025-03-28,206.43
AAPL,2025-03-31,210.41
AAPL,2025-04-01,208.17
AAPL,2025-04-02,212.64
AAPL,2025-04-03,209.45
AAPL,2025-04-04,206.74
AAPL,2025-04-07,206.37
AAPL,2025-04-08,208.82
AAPL,2025-04-09,212.51
AAPL,2025-04-10,214.86
AAPL,2025-04-11,215.31
AAPL,2025-04-14,213.93
AAPL,2025-04-15,214.00
AAPL,2025-04-16,212.22
AAPL,2025-04-17,213.85
AAPL,2025-04-18,212.84
AAPL,2025-04-21,212.28
AAPL,2025-04-22,209.88
AAPL,2025-04-23,211.22
AAPL,2025-04-24,210.88
AAPL,2025-04-25,209.87
AAPL,2025-04-28,209.57
AAPL,2025-04-29,205.63
AAPL,2025-04-30,203.03
AAPL,2025-05-01,202.90
AAPL,2025-05-02,202.47
AAPL,2025-05-05,204.08
AAPL,2025-05-06,204.79
AAPL,2025-05-07,204.89
AAPL,2025-05-08,206.40
AAPL,2025-05-09,210.70
AAPL,2025-05-12,209.58
AAPL,2025-05-13,206.31
AAPL,2025-05-14,207.91
AAPL,2025-05-15,209.45
AAPL,2025-05-16,207.07
AAPL,2025-05-19,210.62
AAPL,2025-05-20,212.67
AAPL,2025-05-21,213.14
AAPL,2025-05-22,214.64
AAPL,2025-05-23,218.05
AAPL,2025-05-26,214.05
AAPL,2025-05-27,213.22
AAPL,2025-05-28,214.84
AAPL,2025-05-29,213.28
AAPL,2025-05-30,215.87
AAPL,2025-06-02,217.66
AAPL,2025-06-03,220.04
AAPL,2025-06-04,218.10
AAPL,2025-06-05,219.51
AAPL,2025-06-06,220.53
AAPL,2025-06-09,218.63
AAPL,2025-06-10,218.45
AAPL,2025-06-11,215.77
AAPL,2025-06-12,213.69
AAPL,2025-06-13,213.21
AAPL,2025-06-16,216.16
AAPL,2025-06-17,216.77
AAPL,2025-06-18,215.77
AAPL,2025-06-19,216.90
AAPL,2025-06-20,214.22
AAPL,2025-06-23,215.05
AAPL,2025-06-24,220.95
AAPL,2025-06-25,221.96
AAPL,2025-06-26,224.04
AAPL,2025-06-27,222.98
AAPL,2025-06-30,218.64
AAPL,2025-07-01,215.16
AAPL,2025-07-02,211.69
AAPL,2025-07-03,216.98
AAPL,2025-07-04,216.59
AAPL,2025-07-07,217.08
AAPL,2025-07-08,223.51
AAPL,2025-07-09,224.20
AAPL,2025-07-10,227.79
AAPL,2025-07-11,231.39
AAPL,2025-07-14,234.28
AAPL,2025-07-15,235.45
AAPL,2025-07-16,234.52
AAPL,2025-07-17,234.88
AAPL,2025-07-18,233.23
AAPL,2025-07-21,234.23
AAPL,2025-07-22,236.21
AAPL,2025-07-23,237.20
AAPL,2025-07-24,243.25
AAPL,2025-07-25,244.85
AAPL,2025-07-28,251.14
AAPL,2025-07-29,244.98
AAPL,2025-07-30,242.55
AAPL,2025-07-31,245.40
AAPL,2025-08-01,247.04
AAPL,2025-08-04,244.28
AAPL,2025-08-05,247.17
AAPL,2025-08-06,248.30
AAPL,2025-08-07,248.41
AAPL,2025-08-08,243.79
AAPL,2025-08-11,244.00
AAPL,2025-08-12,246.83
AAPL,2025-08-13,245.58
AAPL,2025-08-14,243.06
AAPL,2025-08-15,242.81
AAPL,2025-08-18,244.04
AAPL,2025-08-19,242.73
AAPL,2025-08-20,239.08
AAPL,2025-08-21,241.56
AAPL,2025-08-22,242.09
AAPL,2025-08-25,241.51
AAPL,2025-08-26,245.77
AAPL,2025-08-27,249.89
AAPL,2025-08-28,253.73
AAPL,2025-08-29,256.74
AAPL,2025-09-01,255.10
AAPL,2025-09-02,259.61
AAPL,2025-09-03,261.47
AAPL,2025-09-04,262.37
AAPL,2025-09-05,262.98
AAPL,2025-09-08,263.96
AAPL,2025-09-09,267.42
AAPL,2025-09-10,261.95
AAPL,2025-09-11,260.30
AAPL,2025-09-12,260.33
AAPL,2025-09-15,259.16
AAPL,2025-09-16,256.48
AAPL,2025-09-17,263.57
AAPL,2025-09-18,265.02
AAPL,2025-09-19,262.69
AAPL,2025-09-22,263.17
AAPL,2025-09-23,261.72
AAPL,2025-09-24,253.88
AAPL,2025-09-25,255.94
AAPL,2025-09-26,250.92
AAPL,2025-09-29,253.45
AAPL,2025-09-30,250.25
AAPL,2025-10-01,249.01
AAPL,2025-10-02,247.45
AAPL,2025-10-03,246.33
AAPL,2025-10-06,247.79
AAPL,2025-10-07,245.42
AAPL,2025-10-08,245.92
AAPL,2025-10-09,242.91
AAPL,2025-10-10,246.90
AAPL,2025-10-13,245.54
AAPL,2025-10-14,241.74
AAPL,2025-10-15,238.27
AAPL,2025-10-16,238.97
AAPL,2025-10-17,239.85
AAPL,2025-10-20,241.14
AAPL,2025-10-21,247.15
AAPL,2025-10-22,245.18
AAPL,2025-10-23,246.71
AAPL,2025-10-24,247.74
AAPL,2025-10-27,246.68
AAPL,2025-10-28,242.39
AAPL,2025-10-29,242.26
AAPL,2025-10-30,235.53
AAPL,2025-10-31,238.54
AAPL,2025-11-03,241.62
AAPL,2025-11-04,240.22
AAPL,2025-11-05,242.59
AAPL,2025-11-06,245.18
AAPL,2025-11-07,241.45
AAPL,2025-11-10,237.07
AAPL,2025-11-11,239.72
AAPL,2025-11-12,237.80
AAPL,2025-11-13,238.82
AAPL,2025-11-14,236.85
AAPL,2025-11-17,235.95
AAPL,2025-11-18,232.79
AAPL,2025-11-19,232.27
AAPL,2025-11-20,234.26
AAPL,2025-11-21,228.45
AAPL,2025-11-24,226.09
AAPL,2025-11-25,224.30
AAPL,2025-11-26,227.63
AAPL,2025-11-27,227.08
AAPL,2025-11-28,224.84
AAPL,2025-12-01,224.26
AAPL,2025-12-02,225.02
AAPL,2025-12-03,227.45
AAPL,2025-12-04,229.80
AAPL,2025-12-05,229.12
AAPL,2025-12-08,229.04
AAPL,2025-12-09,227.60
AAPL,2025-12-10,223.18
AAPL,2025-12-11,222.71
AAPL,2025-12-12,222.72
AAPL,2025-12-15,222.80
AAPL,2025-12-16,225.00
AAPL,2025-12-17,224.53
AAPL,2025-12-18,221.86
AAPL,2025-12-19,218.93
AAPL,2025-12-22,217.53
AAPL,2025-12-23,216.34
AAPL,2025-12-24,220.30
AAPL,2025-12-25,218.04
AAPL,2025-12-26,214.01
AAPL,2025-12-29,213.26
AAPL,2025-12-30,213.24
AAPL,2025-12-31,213.50
AAPL,2026-01-01,215.07
AAPL,2026-01-02,212.80
AAPL,2026-01-05,216.80
AAPL,2026-01-06,219.06
AAPL,2026-01-07,225.05
AAPL,2026-01-08,225.85
AAPL,2026-01-09,221.66
AAPL,2026-01-12,224.67
AAPL,2026-01-13,223.70
AAPL,2026-01-14,221.90
AAPL,2026-01-15,220.36
AAPL,2026-01-16,222.02
AAPL,2026-01-19,219.82
AAPL,2026-01-20,224.70
AAPL,2026-01-21,226.63
AAPL,2026-01-22,231.81
AAPL,2026-01-23,234.94
AAPL,2026-01-26,237.28
AAPL,2026-01-27,237.19
AAPL,2026-01-28,239.04
AAPL,2026-01-29,237.90
AAPL,2026-01-30,240.50
AAPL,2026-02-02,243.89
AAPL,2026-02-03,242.14
AAPL,2026-02-04,244.01
AAPL,2026-02-05,239.90
AAPL,2026-02-06,241.28
AAPL,2026-02-09,240.86
AAPL,2026-02-10,245.69
AAPL,2026-02-11,252.34
AAPL,2026-02-12,251.81
AAPL,2026-02-13,253.06
AAPL,2026-02-16,253.83
AAPL,2026-02-17,254.52
AAPL,2026-02-18,250.30
AAPL,2026-02-19,248.26
AAPL,2026-02-20,250.26
AAPL,2026-02-23,254.82
AAPL,2026-02-24,252.22
AAPL,2026-02-25,250.35
AAPL,2026-02-26,245.17
AAPL,2026-02-27,244.98
AAPL,2026-03-02,242.18
AAPL,2026-03-03,244.44
AAPL,2026-03-04,245.33
AAPL,2026-03-05,242.83
AAPL,2026-03-06,247.72
AAPL,2026-03-09,249.92
AAPL,2026-03-10,252.28
AAPL,2026-03-11,251.03
AAPL,2026-03-12,256.27
AAPL,2026-03-13,256.53
AAPL,2026-03-16,258.60
AAPL,2026-03-17,265.04
AAPL,2026-03-18,263.78
AAPL,2026-03-19,261.82
AAPL,2026-03-20,265.05
AAPL,2026-03-23,264.31
AAPL,2026-03-24,262.85
AAPL,2026-03-25,261.31
AAPL,2026-03-26,260.44
AAPL,2026-03-27,261.03
AAPL,2026-03-30,259.95
AAPL,2026-03-31,260.52
AAPL,2026-04-01,264.46
AAPL,2026-04-02,264.37
AAPL,2026-04-03,266.36
AAPL,2026-04-06,267.70
AAPL,2026-04-07,269.34
AAPL,2026-04-08,271.54
AAPL,2026-04-09,270.95
AAPL,2026-04-10,274.45
AAPL,2026-04-13,271.46
AAPL,2026-04-14,271.78
AAPL,2026-04-15,272.86
AAPL,2026-04-16,270.78
AAPL,2026-04-17,274.90
AAPL,2026-04-20,275.55
AAPL,2026-04-21,281.31
AAPL,2026-04-22,282.53
AAPL,2026-04-23,288.33
AAPL,2026-04-24,282.81
AAPL,2026-04-27,283.54
AAPL,2026-04-28,288.59
AAPL,2026-04-29,283.55
AAPL,2026-04-30,284.89
AAPL,2026-05-01,283.49
AAPL,2026-05-04,284.59
AAPL,2026-05-05,285.82
AAPL,2026-05-06,280.24
AAPL,2026-05-07,283.19
AAPL,2026-05-08,278.31
AAPL,2026-05-11,276.53
AAPL,2026-05-12,273.95
AAPL,2026-05-13,280.37
AAPL,2026-05-14,277.69
AAPL,2026-05-15,273.58
AAPL,2026-05-18,271.82
AAPL,2026-05-19,267.35
AAPL,2026-05-20,265.20
AAPL,2026-05-21,265.04
AAPL,2026-05-22,259.26
AAPL,2026-05-25,264.16
AAPL,2026-05-26,264.26
AAPL,2026-05-27,268.22
AAPL,2026-05-28,269.64
AAPL,2026-05-29,268.49
AAPL,2026-06-01,268.73
AAPL,2026-06-02,266.09
AAPL,2026-06-03,264.82
AAPL,2026-06-04,261.48
AAPL,2026-06-05,263.92
AAPL,2026-06-08,261.66
AAPL,2026-06-09,258.86
AAPL,2026-06-10,255.67
AAPL,2026-06-11,259.21
AAPL,2026-06-12,254.58
AAPL,2026-06-15,253.06
AAPL,2026-06-16,258.05
AAPL,2026-06-17,256.26
AAPL,2026-06-18,255.34
AAPL,2026-06-19,258.93
AAPL,2026-06-22,260.57
AAPL,2026-06-23,263.87
AAPL,2026-06-24,261.55
AAPL,2026-06-25,262.64
AAPL,2026-06-26,260.73
AAPL,2026-06-29,259.42
AAPL,2026-06-30,262.63
AAPL,2026-07-01,256.39
AAPL,2026-07-02,254.50
AAPL,2026-07-03,256.62
AAPL,2026-07-06,255.44
AAPL,2026-07-07,257.53
AAPL,2026-07-08,258.78
AAPL,2026-07-09,253.85
AAPL,2026-07-10,252.80
AAPL,2026-07-13,255.03
AAPL,2026-07-14,257.30
AAPL,2026-07-15,254.22
AAPL,2026-07-16,258.25
AAPL,2026-07-17,257.79
AAPL,2026-07-20,260.68
AAPL,2026-07-21,259.55
AAPL,2026-07-22,260.99
AAPL,2026-07-23,262.55
AAPL,2026-07-24,267.51
AAPL,2026-07-27,261.03
AAPL,2026-07-28,260.89
AAPL,2026-07-29,258.71
AAPL,2026-07-30,255.27
AAPL,2026-07-31,254.40
AAPL,2026-08-03,251.89
AAPL,2026-08-04,256.96
AAPL,2026-08-05,252.16
AAPL,2026-08-06,248.05
AAPL,2026-08-07,243.34
AAPL,2026-08-10,243.64
AAPL,2026-08-11,242.05
AAPL,2026-08-12,239.61
AAPL,2026-08-13,240.13
AAPL,2026-08-14,244.05
AAPL,2026-08-17,244.12
AAPL,2026-08-18,240.94
AAPL,2026-08-19,237.56
AAPL,2026-08-20,233.08
AAPL,2026-08-21,232.45
AAPL,2026-08-24,234.42
AAPL,2026-08-25,234.06
AAPL,2026-08-26,230.88
AAPL,2026-08-27,230.19
AAPL,2026-08-28,230.54
AAPL,2026-08-31,227.78
AAPL,2026-09-01,229.05
AAPL,2026-09-02,226.17
AAPL,2026-09-03,229.01
AAPL,2026-09-04,231.96
AAPL,2026-09-07,233.68
AAPL,2026-09-08,233.28
AAPL,2026-09-09,233.58
AAPL,2026-09-10,238.38
AAPL,2026-09-11,240.69
AAPL,2026-09-14,237.75
AAPL,2026-09-15,239.06
AAPL,2026-09-16,239.47
AAPL,2026-09-17,240.61
AAPL,2026-09-18,238.71
AAPL,2026-09-21,241.29
AAPL,2026-09-22,246.35
AAPL,2026-09-23,247.30
AAPL,2026-09-24,245.26
AAPL,2026-09-25,246.31
JNJ,2024-09-02,160.00
JNJ,2024-09-03,158.50
JNJ,2024-09-04,162.75
JNJ,2024-09-05,161.96
JNJ,2024-09-06,164.14
JNJ,2024-09-09,163.74
JNJ,2024-09-10,167.65
JNJ,2024-09-11,168.27
JNJ,2024-09-12,166.75
JNJ,2024-09-13,165.04
JNJ,2024-09-16,165.76
JNJ,2024-09-17,163.05
JNJ,2024-09-18,167.01
JNJ,2024-09-19,168.75
JNJ,2024-09-20,166.57
JNJ,2024-09-23,167.44
JNJ,2024-09-24,163.52
JNJ,2024-09-25,163.91
JNJ,2024-09-26,166.43
JNJ,2024-09-27,161.41
JNJ,2024-09-30,162.96
JNJ,2024-10-01,161.01
JNJ,2024-10-02,160.54
JNJ,2024-10-03,159.63
JNJ,2024-10-04,161.15
JNJ,2024-10-07,157.93
JNJ,2024-10-08,159.26
JNJ,2024-10-09,158.06
JNJ,2024-10-10,154.88
JNJ,2024-10-11,154.71
JNJ,2024-10-14,155.11
JNJ,2024-10-15,153.62
JNJ,2024-10-16,151.34
JNJ,2024-10-17,154.41
JNJ,2024-10-18,155.51
JNJ,2024-10-21,155.50
JNJ,2024-10-22,155.37
JNJ,2024-10-23,157.14
JNJ,2024-10-24,156.84
JNJ,2024-10-25,158.92
JNJ,2024-10-28,159.95
JNJ,2024-10-29,158.73
JNJ,2024-10-30,157.32
JNJ,2024-10-31,156.20
JNJ,2024-11-01,156.97
JNJ,2024-11-04,155.79
JNJ,2024-11-05,156.54
JNJ,2024-11-06,157.41
JNJ,2024-11-07,160.54
JNJ,2024-11-08,160.08
JNJ,2024-11-11,160.27
JNJ,2024-11-12,159.49
JNJ,2024-11-13,162.85
JNJ,2024-11-14,161.24
JNJ,2024-11-15,160.39
JNJ,2024-11-18,160.74
JNJ,2024-11-19,160.36
JNJ,2024-11-20,161.70
JNJ,2024-11-21,164.22
JNJ,2024-11-22,163.69
JNJ,2024-11-25,162.63
JNJ,2024-11-26,165.05
JNJ,2024-11-27,168.25
JNJ,2024-11-28,165.34
JNJ,2024-11-29,166.50
JNJ,2024-12-02,167.62
JNJ,2024-12-03,166.64
JNJ,2024-12-04,166.62
JNJ,2024-12-05,163.69
JNJ,2024-12-06,160.69
JNJ,2024-12-09,158.89
JNJ,2024-12-10,159.05
JNJ,2024-12-11,157.32
JNJ,2024-12-12,158.89
JNJ,2024-12-13,157.83
JNJ,2024-12-16,156.83
JNJ,2024-12-17,154.41
JNJ,2024-12-18,151.89
JNJ,2024-12-19,151.62
JNJ,2024-12-20,150.40
JNJ,2024-12-23,150.14
JNJ,2024-12-24,146.91
JNJ,2024-12-25,145.20
JNJ,2024-12-26,144.63
JNJ,2024-12-27,147.96
JNJ,2024-12-30,147.45
JNJ,2024-12-31,150.07
JNJ,2025-01-01,150.42
JNJ,2025-01-02,149.85
JNJ,2025-01-03,149.45
JNJ,2025-01-06,153.34
JNJ,2025-01-07,155.02
JNJ,2025-01-08,152.30
JNJ,2025-01-09,151.67
JNJ,2025-01-10,152.31
JNJ,2025-01-13,151.69
JNJ,2025-01-14,150.29
JNJ,2025-01-15,151.83
JNJ,2025-01-16,152.48
JNJ,2025-01-17,154.52
JNJ,2025-01-20,155.40
JNJ,2025-01-21,156.98
JNJ,2025-01-22,154.64
JNJ,2025-01-23,156.92
JNJ,2025-01-24,155.39
JNJ,2025-01-27,152.87
JNJ,2025-01-28,152.82
JNJ,2025-01-29,153.79
JNJ,2025-01-30,153.73
JNJ,2025-01-31,155.69
JNJ,2025-02-03,156.64
JNJ,2025-02-04,157.63
JNJ,2025-02-05,158.36
JNJ,2025-02-06,157.56
JNJ,2025-02-07,157.13
JNJ,2025-02-10,156.32
JNJ,2025-02-11,156.20
JNJ,2025-02-12,155.17
JNJ,2025-02-13,155.87
JNJ,2025-02-14,152.48
JNJ,2025-02-17,155.15
JNJ,2025-02-18,153.49
JNJ,2025-02-19,154.96
JNJ,2025-02-20,155.55
JNJ,2025-02-21,155.69
JNJ,2025-02-24,155.29
JNJ,2025-02-25,157.09
JNJ,2025-02-26,158.23
JNJ,2025-02-27,155.11
JNJ,2025-02-28,156.68
JNJ,2025-03-03,155.93
JNJ,2025-03-04,155.22
JNJ,2025-03-05,156.30
JNJ,2025-03-06,152.14
JNJ,2025-03-07,151.53
JNJ,2025-03-10,151.20
JNJ,2025-03-11,152.12
JNJ,2025-03-12,151.35
JNJ,2025-03-13,147.50
JNJ,2025-03-14,149.48
JNJ,2025-03-17,151.09
JNJ,2025-03-18,149.32
JNJ,2025-03-19,147.64
JNJ,2025-03-20,148.07
JNJ,2025-03-21,147.70
JNJ,2025-03-24,147.77
JNJ,2025-03-25,149.79
JNJ,2025-03-26,146.40
JNJ,2025-03-27,147.46
JNJ,2025-03-28,147.76
JNJ,2025-03-31,148.37
JNJ,2025-04-01,149.02
JNJ,2025-04-02,149.14
JNJ,2025-04-03,148.43
JNJ,2025-04-04,146.56
JNJ,2025-04-07,143.70
JNJ,2025-04-08,145.66
JNJ,2025-04-09,144.92
JNJ,2025-04-10,145.00
JNJ,2025-04-11,148.68
JNJ,2025-04-14,151.39
JNJ,2025-04-15,151.10
JNJ,2025-04-16,151.37
JNJ,2025-04-17,150.21
JNJ,2025-04-18,153.39
JNJ,2025-04-21,151.81
JNJ,2025-04-22,150.59
JNJ,2025-04-23,148.58
JNJ,2025-04-24,149.60
JNJ,2025-04-25,152.12
JNJ,2025-04-28,150.33
JNJ,2025-04-29,147.61
JNJ,2025-04-30,148.51
JNJ,2025-05-01,149.45
JNJ,2025-05-02,149.97
JNJ,2025-05-05,151.62
JNJ,2025-05-06,151.42
JNJ,2025-05-07,148.42
JNJ,2025-05-08,149.24
JNJ,2025-05-09,147.91
JNJ,2025-05-12,147.89
JNJ,2025-05-13,147.88
JNJ,2025-05-14,146.84
JNJ,2025-05-15,150.48
JNJ,2025-05-16,152.00
JNJ,2025-05-19,154.24
JNJ,2025-05-20,152.49
JNJ,2025-05-21,154.58
JNJ,2025-05-22,155.90
JNJ,2025-05-23,153.80
JNJ,2025-05-26,149.26
JNJ,2025-05-27,148.40
JNJ,2025-05-28,147.37
JNJ,2025-05-29,149.94
JNJ,2025-05-30,152.23
JNJ,2025-06-02,150.84
JNJ,2025-06-03,152.40
JNJ,2025-06-04,151.35
JNJ,2025-06-05,151.86
JNJ,2025-06-06,148.86
JNJ,2025-06-09,148.51
JNJ,2025-06-10,149.74
JNJ,2025-06-11,148.13
JNJ,2025-06-12,148.06
JNJ,2025-06-13,151.46
JNJ,2025-06-16,149.89
JNJ,2025-06-17,146.21
JNJ,2025-06-18,146.36
JNJ,2025-06-19,144.68
JNJ,2025-06-20,146.62
JNJ,2025-06-23,146.72
JNJ,2025-06-24,148.29
JNJ,2025-06-25,150.01
JNJ,2025-06-26,149.77
JNJ,2025-06-27,151.25
JNJ,2025-06-30,151.33
JNJ,2025-07-01,147.49
JNJ,2025-07-02,147.20
JNJ,2025-07-03,146.16
JNJ,2025-07-04,147.84
JNJ,2025-07-07,148.23
JNJ,2025-07-08,150.23
JNJ,2025-07-09,148.08
JNJ,2025-07-10,149.04
JNJ,2025-07-11,148.90
JNJ,2025-07-14,148.03
JNJ,2025-07-15,150.26
JNJ,2025-07-16,151.57
JNJ,2025-07-17,151.31
JNJ,2025-07-18,150.35
JNJ,2025-07-21,152.33
JNJ,2025-07-22,153.07
JNJ,2025-07-23,152.48
JNJ,2025-07-24,152.81
JNJ,2025-07-25,151.76
JNJ,2025-07-28,155.83
JNJ,2025-07-29,153.08
JNJ,2025-07-30,152.99
JNJ,2025-07-31,153.97
JNJ,2025-08-01,154.29
JNJ,2025-08-04,156.16
JNJ,2025-08-05,154.30
JNJ,2025-08-06,155.45
JNJ,2025-08-07,157.21
JNJ,2025-08-08,154.18
JNJ,2025-08-11,152.06
JNJ,2025-08-12,149.19
JNJ,2025-08-13,151.23
JNJ,2025-08-14,151.65
JNJ,2025-08-15,156.81
JNJ,2025-08-18,158.19
JNJ,2025-08-19,159.91
JNJ,2025-08-20,161.50
JNJ,2025-08-21,162.32
JNJ,2025-08-22,162.22
JNJ,2025-08-25,163.30
JNJ,2025-08-26,162.43
JNJ,2025-08-27,161.14
JNJ,2025-08-28,161.42
JNJ,2025-08-29,160.10
JNJ,2025-09-01,159.07
JNJ,2025-09-02,158.83
JNJ,2025-09-03,157.30
JNJ,2025-09-04,157.17
JNJ,2025-09-05,157.23
JNJ,2025-09-08,157.11
JNJ,2025-09-09,155.82
JNJ,2025-09-10,155.47
JNJ,2025-09-11,158.70
JNJ,2025-09-12,161.28
JNJ,2025-09-15,162.84
JNJ,2025-09-16,164.32
JNJ,2025-09-17,164.39
JNJ,2025-09-18,165.13
JNJ,2025-09-19,169.60
JNJ,2025-09-22,168.64
JNJ,2025-09-23,168.03
JNJ,2025-09-24,172.72
JNJ,2025-09-25,167.57
JNJ,2025-09-26,168.74
JNJ,2025-09-29,167.32
JNJ,2025-09-30,165.57
JNJ,2025-10-01,165.30
JNJ,2025-10-02,164.13
JNJ,2025-10-03,165.79
JNJ,2025-10-06,164.16
JNJ,2025-10-07,165.78
JNJ,2025-10-08,165.34
JNJ,2025-10-09,162.79
JNJ,2025-10-10,163.54
JNJ,2025-10-13,160.96
JNJ,2025-10-14,162.57
JNJ,2025-10-15,161.40
JNJ,2025-10-16,162.86
JNJ,2025-10-17,161.73
JNJ,2025-10-20,161.31
JNJ,2025-10-21,159.70
JNJ,2025-10-22,160.22
JNJ,2025-10-23,158.45
JNJ,2025-10-24,160.82
JNJ,2025-10-27,159.76
JNJ,2025-10-28,161.50
JNJ,2025-10-29,162.20
JNJ,2025-10-30,163.54
JNJ,2025-10-31,163.40
JNJ,2025-11-03,159.85
JNJ,2025-11-04,156.14
JNJ,2025-11-05,157.52
JNJ,2025-11-06,155.84
JNJ,2025-11-07,156.71
JNJ,2025-11-10,155.02
JNJ,2025-11-11,153.49
JNJ,2025-11-12,154.41
JNJ,2025-11-13,151.72
JNJ,2025-11-14,156.31
JNJ,2025-11-17,154.99
JNJ,2025-11-18,155.72
JNJ,2025-11-19,156.53
JNJ,2025-11-20,154.37
JNJ,2025-11-21,155.12
JNJ,2025-11-24,154.55
JNJ,2025-11-25,154.34
JNJ,2025-11-26,152.47
JNJ,2025-11-27,150.14
JNJ,2025-11-28,150.31
JNJ,2025-12-01,150.56
JNJ,2025-12-02,151.05
JNJ,2025-12-03,151.97
JNJ,2025-12-04,150.98
JNJ,2025-12-05,150.95
JNJ,2025-12-08,152.58
JNJ,2025-12-09,156.40
JNJ,2025-12-10,154.83
JNJ,2025-12-11,153.31
JNJ,2025-12-12,152.31
JNJ,2025-12-15,153.04
JNJ,2025-12-16,154.40
JNJ,2025-12-17,155.37
JNJ,2025-12-18,152.04
JNJ,2025-12-19,152.13
JNJ,2025-12-22,151.74
JNJ,2025-12-23,151.74
JNJ,2025-12-24,153.48
JNJ,2025-12-25,152.51
JNJ,2025-12-26,152.45
JNJ,2025-12-29,152.76
JNJ,2025-12-30,154.46
JNJ,2025-12-31,155.82
JNJ,2026-01-01,154.24
JNJ,2026-01-02,153.82
JNJ,2026-01-05,155.95
JNJ,2026-01-06,157.13
JNJ,2026-01-07,153.39
JNJ,2026-01-08,156.29
JNJ,2026-01-09,158.71
JNJ,2026-01-12,156.76
JNJ,2026-01-13,158.17
JNJ,2026-01-14,159.66
JNJ,2026-01-15,159.80
JNJ,2026-01-16,161.23
JNJ,2026-01-19,159.23
JNJ,2026-01-20,161.52
JNJ,2026-01-21,160.15
JNJ,2026-01-22,160.72
JNJ,2026-01-23,161.68
JNJ,2026-01-26,166.10
JNJ,2026-01-27,167.27
JNJ,2026-01-28,170.05
JNJ,2026-01-29,168.76
JNJ,2026-01-30,167.07
JNJ,2026-02-02,165.48
JNJ,2026-02-03,165.47
JNJ,2026-02-04,166.89
JNJ,2026-02-05,164.80
JNJ,2026-02-06,162.72
JNJ,2026-02-09,163.00
JNJ,2026-02-10,163.65
JNJ,2026-02-11,163.78
JNJ,2026-02-12,163.42
JNJ,2026-02-13,162.96
JNJ,2026-02-16,161.40
JNJ,2026-02-17,161.54
JNJ,2026-02-18,162.31
JNJ,2026-02-19,166.17
JNJ,2026-02-20,164.73
JNJ,2026-02-23,164.82
JNJ,2026-02-24,167.57
JNJ,2026-02-25,166.14
JNJ,2026-02-26,166.10
JNJ,2026-02-27,165.24
JNJ,2026-03-02,162.30
JNJ,2026-03-03,163.51
JNJ,2026-03-04,164.75
JNJ,2026-03-05,168.19
JNJ,2026-03-06,170.27
JNJ,2026-03-09,168.29
JNJ,2026-03-10,166.43
JNJ,2026-03-11,165.50
JNJ,2026-03-12,165.48
JNJ,2026-03-13,167.01
JNJ,2026-03-16,166.77
JNJ,2026-03-17,162.80
JNJ,2026-03-18,166.85
JNJ,2026-03-19,167.70
JNJ,2026-03-20,167.61
JNJ,2026-03-23,162.65
JNJ,2026-03-24,161.85
JNJ,2026-03-25,160.87
JNJ,2026-03-26,159.44
JNJ,2026-03-27,159.24
JNJ,2026-03-30,161.54
JNJ,2026-03-31,160.45
JNJ,2026-04-01,161.97
JNJ,2026-04-02,160.51
JNJ,2026-04-03,158.67
JNJ,2026-04-06,155.04
JNJ,2026-04-07,152.20
JNJ,2026-04-08,152.88
JNJ,2026-04-09,150.37
JNJ,2026-04-10,147.08
JNJ,2026-04-13,146.63
JNJ,2026-04-14,150.31
JNJ,2026-04-15,152.89
JNJ,2026-04-16,152.61
JNJ,2026-04-17,152.25
JNJ,2026-04-20,152.88
JNJ,2026-04-21,154.67
JNJ,2026-04-22,157.60
JNJ,2026-04-23,156.48
JNJ,2026-04-24,154.12
JNJ,2026-04-27,151.28
JNJ,2026-04-28,150.82
JNJ,2026-04-29,151.32
JNJ,2026-04-30,153.63
JNJ,2026-05-01,152.56
JNJ,2026-05-04,151.23
JNJ,2026-05-05,147.46
JNJ,2026-05-06,145.45
JNJ,2026-05-07,146.45
JNJ,2026-05-08,147.26
JNJ,2026-05-11,146.69
JNJ,2026-05-12,145.24
JNJ,2026-05-13,146.49
JNJ,2026-05-14,143.44
JNJ,2026-05-15,145.28
JNJ,2026-05-18,145.89
JNJ,2026-05-19,147.65
JNJ,2026-05-20,147.74
JNJ,2026-05-21,146.48
JNJ,2026-05-22,142.94
JNJ,2026-05-25,143.70
JNJ,2026-05-26,143.38
JNJ,2026-05-27,144.63
JNJ,2026-05-28,145.90
JNJ,2026-05-29,148.49
JNJ,2026-06-01,147.65
JNJ,2026-06-02,148.80
JNJ,2026-06-03,148.69
JNJ,2026-06-04,149.68
JNJ,2026-06-05,149.05
JNJ,2026-06-08,149.45
JNJ,2026-06-09,149.13
JNJ,2026-06-10,147.77
JNJ,2026-06-11,150.33
JNJ,2026-06-12,149.89
JNJ,2026-06-15,148.72
JNJ,2026-06-16,146.40
JNJ,2026-06-17,146.23
JNJ,2026-06-18,148.27
JNJ,2026-06-19,149.23
JNJ,2026-06-22,152.40
JNJ,2026-06-23,152.86
JNJ,2026-06-24,155.67
JNJ,2026-06-25,156.09
JNJ,2026-06-26,157.34
JNJ,2026-06-29,157.70
JNJ,2026-06-30,153.82
JNJ,2026-07-01,154.94
JNJ,2026-07-02,157.38
JNJ,2026-07-03,154.90
JNJ,2026-07-06,154.77
JNJ,2026-07-07,153.18
JNJ,2026-07-08,154.87
JNJ,2026-07-09,152.81
JNJ,2026-07-10,152.73
JNJ,2026-07-13,155.61
JNJ,2026-07-14,156.49
JNJ,2026-07-15,158.18
JNJ,2026-07-16,156.76
JNJ,2026-07-17,151.31
JNJ,2026-07-20,151.96
JNJ,2026-07-21,151.78
JNJ,2026-07-22,148.91
JNJ,2026-07-23,151.25
JNJ,2026-07-24,151.01
JNJ,2026-07-27,149.09
JNJ,2026-07-28,147.37
JNJ,2026-07-29,145.21
JNJ,2026-07-30,144.66
JNJ,2026-07-31,147.06
JNJ,2026-08-03,150.80
JNJ,2026-08-04,149.44
JNJ,2026-08-05,152.52
JNJ,2026-08-06,154.53
JNJ,2026-08-07,157.37
JNJ,2026-08-10,156.25
JNJ,2026-08-11,156.13
JNJ,2026-08-12,158.04
JNJ,2026-08-13,158.72
JNJ,2026-08-14,157.67
JNJ,2026-08-17,156.63
JNJ,2026-08-18,158.03
JNJ,2026-08-19,159.97
JNJ,2026-08-20,159.78
JNJ,2026-08-21,156.74
JNJ,2026-08-24,155.12
JNJ,2026-08-25,158.49
JNJ,2026-08-26,157.09
JNJ,2026-08-27,157.71
JNJ,2026-08-28,158.52
JNJ,2026-08-31,157.14
JNJ,2026-09-01,159.84
JNJ,2026-09-02,158.78
JNJ,2026-09-03,156.35
JNJ,2026-09-04,158.35
JNJ,2026-09-07,159.78
JNJ,2026-09-08,162.20
JNJ,2026-09-09,161.85
JNJ,2026-09-10,157.46
JNJ,2026-09-11,158.75
JNJ,2026-09-14,157.94
JNJ,2026-09-15,155.54
JNJ,2026-09-16,156.52
JNJ,2026-09-17,157.42
JNJ,2026-09-18,156.13
JNJ,2026-09-21,158.95
JNJ,2026-09-22,160.79
JNJ,2026-09-23,159.31
JNJ,2026-09-24,158.72
JNJ,2026-09-25,160.58
MSFT,2024-09-02,430.00
MSFT,2024-09-03,431.84
MSFT,2024-09-04,432.88
MSFT,2024-09-05,432.50
MSFT,2024-09-06,425.55
MSFT,2024-09-09,423.95
MSFT,2024-09-10,427.58
MSFT,2024-09-11,425.15
MSFT,2024-09-12,427.61
MSFT,2024-09-13,436.23
MSFT,2024-09-16,434.28
MSFT,2024-09-17,442.61
MSFT,2024-09-18,454.21
MSFT,2024-09-19,459.69
MSFT,2024-09-20,464.08
MSFT,2024-09-23,480.78
MSFT,2024-09-24,483.07
MSFT,2024-09-25,478.26
MSFT,2024-09-26,471.03
MSFT,2024-09-27,468.76
MSFT,2024-09-30,476.10
MSFT,2024-10-01,475.71
MSFT,2024-10-02,473.69
MSFT,2024-10-03,480.97
MSFT,2024-10-04,492.03
MSFT,2024-10-07,487.67
MSFT,2024-10-08,493.80
MSFT,2024-10-09,512.65
MSFT,2024-10-10,513.07
MSFT,2024-10-11,514.24
MSFT,2024-10-14,508.28
MSFT,2024-10-15,510.06
MSFT,2024-10-16,515.39
MSFT,2024-10-17,515.63
MSFT,2024-10-18,516.77
MSFT,2024-10-21,509.04
MSFT,2024-10-22,514.30
MSFT,2024-10-23,507.86
MSFT,2024-10-24,505.89
MSFT,2024-10-25,505.53
MSFT,2024-10-28,514.31
MSFT,2024-10-29,532.36
MSFT,2024-10-30,539.46
MSFT,2024-10-31,541.82
MSFT,2024-11-01,542.17
MSFT,2024-11-04,537.98
MSFT,2024-11-05,541.77
MSFT,2024-11-06,534.47
MSFT,2024-11-07,527.19
MSFT,2024-11-08,533.60
MSFT,2024-11-11,538.94
MSFT,2024-11-12,541.75
MSFT,2024-11-13,541.85
MSFT,2024-11-14,543.15
MSFT,2024-11-15,549.73
MSFT,2024-11-18,550.46
MSFT,2024-11-19,550.42
MSFT,2024-11-20,545.00
MSFT,2024-11-21,533.23
MSFT,2024-11-22,535.99
MSFT,2024-11-25,528.59
MSFT,2024-11-26,530.91
MSFT,2024-11-27,532.11
MSFT,2024-11-28,534.48
MSFT,2024-11-29,544.85
MSFT,2024-12-02,540.43
MSFT,2024-12-03,543.27
MSFT,2024-12-04,560.46
MSFT,2024-12-05,566.51
MSFT,2024-12-06,562.47
MSFT,2024-12-09,554.34
MSFT,2024-12-10,541.15
MSFT,2024-12-11,541.81
MSFT,2024-12-12,545.45
MSFT,2024-12-13,548.27
MSFT,2024-12-16,541.82
MSFT,2024-12-17,539.55
MSFT,2024-12-18,525.57
MSFT,2024-12-19,528.07
MSFT,2024-12-20,522.20
MSFT,2024-12-23,520.00
MSFT,2024-12-24,516.76
MSFT,2024-12-25,509.51
MSFT,2024-12-26,507.17
MSFT,2024-12-27,504.50
MSFT,2024-12-30,507.44
MSFT,2024-12-31,507.79
MSFT,2025-01-01,508.38
MSFT,2025-01-02,500.28
MSFT,2025-01-03,494.06
MSFT,2025-01-06,492.89
MSFT,2025-01-07,483.07
MSFT,2025-01-08,481.70
MSFT,2025-01-09,482.78
MSFT,2025-01-10,481.96
MSFT,2025-01-13,475.57
MSFT,2025-01-14,479.11
MSFT,2025-01-15,480.13
MSFT,2025-01-16,486.54
MSFT,2025-01-17,489.56
MSFT,2025-01-20,490.97
MSFT,2025-01-21,504.51
MSFT,2025-01-22,503.45
MSFT,2025-01-23,510.81
MSFT,2025-01-24,510.72
MSFT,2025-01-27,504.24
MSFT,2025-01-28,505.15
MSFT,2025-01-29,516.08
MSFT,2025-01-30,513.89
MSFT,2025-01-31,512.60
MSFT,2025-02-03,507.46
MSFT,2025-02-04,504.65
MSFT,2025-02-05,493.78
MSFT,2025-02-06,497.48
MSFT,2025-02-07,495.56
MSFT,2025-02-10,482.67
MSFT,2025-02-11,481.46
MSFT,2025-02-12,475.70
MSFT,2025-02-13,477.33
MSFT,2025-02-14,482.73
MSFT,2025-02-17,482.00
MSFT,2025-02-18,482.13
MSFT,2025-02-19,478.49
MSFT,2025-02-20,485.82
MSFT,2025-02-21,489.36
MSFT,2025-02-24,491.50
MSFT,2025-02-25,481.58
MSFT,2025-02-26,482.77
MSFT,2025-02-27,482.06
MSFT,2025-02-28,476.02
MSFT,2025-03-03,465.92
MSFT,2025-03-04,472.06
MSFT,2025-03-05,473.08
MSFT,2025-03-06,474.10
MSFT,2025-03-07,474.71
MSFT,2025-03-10,465.39
MSFT,2025-03-11,464.73
MSFT,2025-03-12,462.19
MSFT,2025-03-13,464.90
MSFT,2025-03-14,463.39
MSFT,2025-03-17,470.96
MSFT,2025-03-18,476.89
MSFT,2025-03-19,476.40
MSFT,2025-03-20,472.29
MSFT,2025-03-21,475.16
MSFT,2025-03-24,478.06
MSFT,2025-03-25,477.11
MSFT,2025-03-26,479.48
MSFT,2025-03-27,479.77
MSFT,2025-03-28,480.33
MSFT,2025-03-31,480.11
MSFT,2025-04-01,487.80
MSFT,2025-04-02,480.99
MSFT,2025-04-03,492.40
MSFT,2025-04-04,496.24
MSFT,2025-04-07,494.60
MSFT,2025-04-08,490.80
MSFT,2025-04-09,490.36
MSFT,2025-04-10,487.78
MSFT,2025-04-11,482.48
MSFT,2025-04-14,490.23
MSFT,2025-04-15,489.11
MSFT,2025-04-16,488.57
MSFT,2025-04-17,489.28
MSFT,2025-04-18,482.69
MSFT,2025-04-21,485.25
MSFT,2025-04-22,487.41
MSFT,2025-04-23,494.19
MSFT,2025-04-24,494.93
MSFT,2025-04-25,499.87
MSFT,2025-04-28,495.54
MSFT,2025-04-29,499.06
MSFT,2025-04-30,505.12
MSFT,2025-05-01,512.93
MSFT,2025-05-02,501.33
MSFT,2025-05-05,501.01
MSFT,2025-05-06,508.97
MSFT,2025-05-07,513.95
MSFT,2025-05-08,519.79
MSFT,2025-05-09,512.83
MSFT,2025-05-12,509.92
MSFT,2025-05-13,514.42
MSFT,2025-05-14,515.70
MSFT,2025-05-15,522.74
MSFT,2025-05-16,518.84
MSFT,2025-05-19,519.25
MSFT,2025-05-20,519.77
MSFT,2025-05-21,525.16
MSFT,2025-05-22,535.20
MSFT,2025-05-23,545.81
MSFT,2025-05-26,549.19
MSFT,2025-05-27,556.89
MSFT,2025-05-28,549.07
MSFT,2025-05-29,547.83
MSFT,2025-05-30,549.69
MSFT,2025-06-02,549.88
MSFT,2025-06-03,550.93
MSFT,2025-06-04,551.11
MSFT,2025-06-05,542.51
MSFT,2025-06-06,538.63
MSFT,2025-06-09,539.09
MSFT,2025-06-10,539.90
MSFT,2025-06-11,541.03
MSFT,2025-06-12,541.59
MSFT,2025-06-13,534.52
MSFT,2025-06-16,537.79
MSFT,2025-06-17,536.55
MSFT,2025-06-18,541.56
MSFT,2025-06-19,543.85
MSFT,2025-06-20,555.50
MSFT,2025-06-23,560.97
MSFT,2025-06-24,553.45
MSFT,2025-06-25,555.65
MSFT,2025-06-26,560.58
MSFT,2025-06-27,559.46
MSFT,2025-06-30,552.48
MSFT,2025-07-01,544.67
MSFT,2025-07-02,549.63
MSFT,2025-07-03,550.94
MSFT,2025-07-04,552.12
MSFT,2025-07-07,558.44
MSFT,2025-07-08,568.38
MSFT,2025-07-09,570.59
MSFT,2025-07-10,568.85
MSFT,2025-07-11,574.03
MSFT,2025-07-14,570.20
MSFT,2025-07-15,576.85
MSFT,2025-07-16,577.99
MSFT,2025-07-17,573.69
MSFT,2025-07-18,569.64
MSFT,2025-07-21,563.28
MSFT,2025-07-22,562.56
MSFT,2025-07-23,563.81
MSFT,2025-07-24,565.72
MSFT,2025-07-25,565.15
MSFT,2025-07-28,574.06
MSFT,2025-07-29,573.38
MSFT,2025-07-30,574.01
MSFT,2025-07-31,579.19
MSFT,2025-08-01,582.97
MSFT,2025-08-04,584.66
MSFT,2025-08-05,579.70
MSFT,2025-08-06,585.89
MSFT,2025-08-07,588.70
MSFT,2025-08-08,601.09
MSFT,2025-08-11,607.59
MSFT,2025-08-12,602.96
MSFT,2025-08-13,601.40
MSFT,2025-08-14,595.35
MSFT,2025-08-15,601.72
MSFT,2025-08-18,596.50
MSFT,2025-08-19,595.85
MSFT,2025-08-20,599.26
MSFT,2025-08-21,609.07
MSFT,2025-08-22,611.47
MSFT,2025-08-25,613.91
MSFT,2025-08-26,621.40
MSFT,2025-08-27,602.44
MSFT,2025-08-28,612.92
MSFT,2025-08-29,600.73
MSFT,2025-09-01,596.06
MSFT,2025-09-02,590.02
MSFT,2025-09-03,586.94
MSFT,2025-09-04,594.54
MSFT,2025-09-05,591.13
MSFT,2025-09-08,592.02
MSFT,2025-09-09,582.44
MSFT,2025-09-10,574.67
MSFT,2025-09-11,583.81
MSFT,2025-09-12,576.16
MSFT,2025-09-15,587.12
MSFT,2025-09-16,594.70
MSFT,2025-09-17,584.42
MSFT,2025-09-18,604.71
MSFT,2025-09-19,617.86
MSFT,2025-09-22,613.78
MSFT,2025-09-23,609.65
MSFT,2025-09-24,599.24
MSFT,2025-09-25,583.25
MSFT,2025-09-26,585.00
MSFT,2025-09-29,587.51
MSFT,2025-09-30,584.75
MSFT,2025-10-01,570.06
MSFT,2025-10-02,578.22
MSFT,2025-10-03,573.27
MSFT,2025-10-06,576.77
MSFT,2025-10-07,566.01
MSFT,2025-10-08,565.97
MSFT,2025-10-09,558.39
MSFT,2025-10-10,551.96
MSFT,2025-10-13,559.32
MSFT,2025-10-14,559.87
MSFT,2025-10-15,568.25
MSFT,2025-10-16,567.49
MSFT,2025-10-17,575.13
MSFT,2025-10-20,565.45
MSFT,2025-10-21,576.72
MSFT,2025-10-22,578.54
MSFT,2025-10-23,578.29
MSFT,2025-10-24,573.99
MSFT,2025-10-27,579.64
MSFT,2025-10-28,580.23
MSFT,2025-10-29,577.54
MSFT,2025-10-30,568.80
MSFT,2025-10-31,562.28
MSFT,2025-11-03,569.56
MSFT,2025-11-04,569.34
MSFT,2025-11-05,577.34
MSFT,2025-11-06,575.14
MSFT,2025-11-07,580.35
MSFT,2025-11-10,577.81
MSFT,2025-11-11,566.38
MSFT,2025-11-12,569.14
MSFT,2025-11-13,554.79
MSFT,2025-11-14,559.53
MSFT,2025-11-17,559.03
MSFT,2025-11-18,555.44
MSFT,2025-11-19,551.64
MSFT,2025-11-20,563.18
MSFT,2025-11-21,570.75
MSFT,2025-11-24,581.84
MSFT,2025-11-25,580.65
MSFT,2025-11-26,584.36
MSFT,2025-11-27,582.44
MSFT,2025-11-28,587.18
MSFT,2025-12-01,591.29
MSFT,2025-12-02,580.53
MSFT,2025-12-03,574.67
MSFT,2025-12-04,570.07
MSFT,2025-12-05,560.62
MSFT,2025-12-08,562.33
MSFT,2025-12-09,562.12
MSFT,2025-12-10,561.12
MSFT,2025-12-11,568.88
MSFT,2025-12-12,575.59
MSFT,2025-12-15,573.99
MSFT,2025-12-16,567.83
MSFT,2025-12-17,560.44
MSFT,2025-12-18,558.74
MSFT,2025-12-19,562.34
MSFT,2025-12-22,572.49
MSFT,2025-12-23,566.65
MSFT,2025-12-24,568.27
MSFT,2025-12-25,573.48
MSFT,2025-12-26,571.83
MSFT,2025-12-29,560.08
MSFT,2025-12-30,560.24
MSFT,2025-12-31,568.71
MSFT,2026-01-01,561.97
MSFT,2026-01-02,577.65
MSFT,2026-01-05,561.23
MSFT,2026-01-06,557.84
MSFT,2026-01-07,553.05
MSFT,2026-01-08,550.60
MSFT,2026-01-09,549.85
MSFT,2026-01-12,535.72
MSFT,2026-01-13,531.92
MSFT,2026-01-14,537.51
MSFT,2026-01-15,550.15
MSFT,2026-01-16,553.20
MSFT,2026-01-19,561.19
MSFT,2026-01-20,559.07
MSFT,2026-01-21,554.12
MSFT,2026-01-22,548.55
MSFT,2026-01-23,546.78
MSFT,2026-01-26,535.96
MSFT,2026-01-27,537.55
MSFT,2026-01-28,536.82
MSFT,2026-01-29,538.18
MSFT,2026-01-30,531.74
MSFT,2026-02-02,531.48
MSFT,2026-02-03,535.07
MSFT,2026-02-04,538.63
MSFT,2026-02-05,527.35
MSFT,2026-02-06,515.15
MSFT,2026-02-09,514.00
MSFT,2026-02-10,510.09
MSFT,2026-02-11,513.46
MSFT,2026-02-12,513.45
MSFT,2026-02-13,513.37
MSFT,2026-02-16,512.18
MSFT,2026-02-17,508.26
MSFT,2026-02-18,516.03
MSFT,2026-02-19,514.35
MSFT,2026-02-20,517.89
MSFT,2026-02-23,515.51
MSFT,2026-02-24,512.99
MSFT,2026-02-25,522.47
MSFT,2026-02-26,535.83
MSFT,2026-02-27,537.37
MSFT,2026-03-02,540.05
MSFT,2026-03-03,549.37
MSFT,2026-03-04,539.49
MSFT,2026-03-05,539.27
MSFT,2026-03-06,547.30
MSFT,2026-03-09,548.27
MSFT,2026-03-10,547.72
MSFT,2026-03-11,547.58
MSFT,2026-03-12,538.30
MSFT,2026-03-13,537.90
MSFT,2026-03-16,546.41
MSFT,2026-03-17,557.46
MSFT,2026-03-18,566.76
MSFT,2026-03-19,564.77
MSFT,2026-03-20,561.61
MSFT,2026-03-23,563.15
MSFT,2026-03-24,574.48
MSFT,2026-03-25,577.10
MSFT,2026-03-26,579.23
MSFT,2026-03-27,579.21
MSFT,2026-03-30,583.17
MSFT,2026-03-31,572.30
MSFT,2026-04-01,574.18
MSFT,2026-04-02,566.15
MSFT,2026-04-03,582.27
MSFT,2026-04-06,590.36
MSFT,2026-04-07,583.24
MSFT,2026-04-08,583.10
MSFT,2026-04-09,570.18
MSFT,2026-04-10,557.67
MSFT,2026-04-13,563.09
MSFT,2026-04-14,561.02
MSFT,2026-04-15,555.53
MSFT,2026-04-16,552.93
MSFT,2026-04-17,557.16
MSFT,2026-04-20,545.86
MSFT,2026-04-21,543.11
MSFT,2026-04-22,541.73
MSFT,2026-04-23,539.54
MSFT,2026-04-24,536.31
MSFT,2026-04-27,543.34
MSFT,2026-04-28,548.43
MSFT,2026-04-29,542.51
MSFT,2026-04-30,531.29
MSFT,2026-05-01,535.57
MSFT,2026-05-04,535.20
MSFT,2026-05-05,542.97
MSFT,2026-05-06,545.41
MSFT,2026-05-07,535.81
MSFT,2026-05-08,532.29
MSFT,2026-05-11,529.98
MSFT,2026-05-12,527.28
MSFT,2026-05-13,526.02
MSFT,2026-05-14,522.66
MSFT,2026-05-15,529.53
MSFT,2026-05-18,527.52
MSFT,2026-05-19,533.11
MSFT,2026-05-20,542.00
MSFT,2026-05-21,545.50
MSFT,2026-05-22,553.09
MSFT,2026-05-25,548.25
MSFT,2026-05-26,537.72
MSFT,2026-05-27,534.74
MSFT,2026-05-28,524.08
MSFT,2026-05-29,530.21
MSFT,2026-06-01,542.69
MSFT,2026-06-02,537.89
MSFT,2026-06-03,538.18
MSFT,2026-06-04,537.75
MSFT,2026-06-05,526.29
MSFT,2026-06-08,521.78
MSFT,2026-06-09,537.49
MSFT,2026-06-10,538.95
MSFT,2026-06-11,539.71
MSFT,2026-06-12,533.21
MSFT,2026-06-15,537.25
MSFT,2026-06-16,542.84
MSFT,2026-06-17,552.32
MSFT,2026-06-18,536.65
MSFT,2026-06-19,533.47
MSFT,2026-06-22,542.14
MSFT,2026-06-23,544.37
MSFT,2026-06-24,529.47
MSFT,2026-06-25,527.15
MSFT,2026-06-26,524.68
MSFT,2026-06-29,527.01
MSFT,2026-06-30,522.99
MSFT,2026-07-01,529.17
MSFT,2026-07-02,531.79
MSFT,2026-07-03,536.16
MSFT,2026-07-06,541.43
MSFT,2026-07-07,550.84
MSFT,2026-07-08,547.32
MSFT,2026-07-09,547.59
MSFT,2026-07-10,546.51
MSFT,2026-07-13,548.02
MSFT,2026-07-14,546.77
MSFT,2026-07-15,554.38
MSFT,2026-07-16,554.88
MSFT,2026-07-17,556.37
MSFT,2026-07-20,557.79
MSFT,2026-07-21,554.62
MSFT,2026-07-22,540.39
MSFT,2026-07-23,557.54
MSFT,2026-07-24,560.05
MSFT,2026-07-27,567.40
MSFT,2026-07-28,564.36
MSFT,2026-07-29,567.92
MSFT,2026-07-30,568.31
MSFT,2026-07-31,563.21
MSFT,2026-08-03,554.95
MSFT,2026-08-04,549.64
MSFT,2026-08-05,538.65
MSFT,2026-08-06,545.71
MSFT,2026-08-07,539.47
MSFT,2026-08-10,542.59
MSFT,2026-08-11,538.19
MSFT,2026-08-12,539.61
MSFT,2026-08-13,534.79
MSFT,2026-08-14,533.96
MSFT,2026-08-17,533.80
MSFT,2026-08-18,526.50
MSFT,2026-08-19,526.93
MSFT,2026-08-20,529.08
MSFT,2026-08-21,528.67
MSFT,2026-08-24,534.75
MSFT,2026-08-25,527.73
MSFT,2026-08-26,533.79
MSFT,2026-08-27,538.41
MSFT,2026-08-28,532.87
MSFT,2026-08-31,533.27
MSFT,2026-09-01,522.17
MSFT,2026-09-02,519.78
MSFT,2026-09-03,521.00
MSFT,2026-09-04,522.69
MSFT,2026-09-07,506.93
MSFT,2026-09-08,521.42
MSFT,2026-09-09,511.75
MSFT,2026-09-10,510.72
MSFT,2026-09-11,508.04
MSFT,2026-09-14,500.10
MSFT,2026-09-15,506.04
MSFT,2026-09-16,507.54
MSFT,2026-09-17,499.57
MSFT,2026-09-18,486.96
MSFT,2026-09-21,479.27
MSFT,2026-09-22,486.43
MSFT,2026-09-23,494.28
MSFT,2026-09-24,507.43
MSFT,2026-09-25,507.13
SPY,2024-09-02,560.00
SPY,2024-09-03,572.89
SPY,2024-09-04,566.67
SPY,2024-09-05,557.76
SPY,2024-09-06,551.04
SPY,2024-09-09,556.00
SPY,2024-09-10,565.26
SPY,2024-09-11,566.64
SPY,2024-09-12,568.91
SPY,2024-09-13,563.25
SPY,2024-09-16,559.59
SPY,2024-09-17,565.00
SPY,2024-09-18,569.87
SPY,2024-09-19,580.09
SPY,2024-09-20,579.49
SPY,2024-09-23,587.96
SPY,2024-09-24,587.63
SPY,2024-09-25,595.28
SPY,2024-09-26,595.36
SPY,2024-09-27,595.21
SPY,2024-09-30,584.46
SPY,2024-10-01,583.96
SPY,2024-10-02,587.11
SPY,2024-10-03,580.68
SPY,2024-10-04,572.42
SPY,2024-10-07,569.59
SPY,2024-10-08,570.16
SPY,2024-10-09,566.44
SPY,2024-10-10,580.54
SPY,2024-10-11,586.28
SPY,2024-10-14,587.30
SPY,2024-10-15,590.67
SPY,2024-10-16,600.71
SPY,2024-10-17,609.14
SPY,2024-10-18,619.24
SPY,2024-10-21,626.50
SPY,2024-10-22,619.80
SPY,2024-10-23,624.75
SPY,2024-10-24,630.95
SPY,2024-10-25,629.15
SPY,2024-10-28,634.44
SPY,2024-10-29,635.89
SPY,2024-10-30,634.92
SPY,2024-10-31,647.35
SPY,2024-11-01,664.35
SPY,2024-11-04,661.04
SPY,2024-11-05,654.21
SPY,2024-11-06,640.36
SPY,2024-11-07,652.87
SPY,2024-11-08,654.25
SPY,2024-11-11,652.55
SPY,2024-11-12,655.39
SPY,2024-11-13,659.76
SPY,2024-11-14,670.15
SPY,2024-11-15,665.95
SPY,2024-11-18,666.12
SPY,2024-11-19,669.38
SPY,2024-11-20,676.74
SPY,2024-11-21,671.96
SPY,2024-11-22,666.60
SPY,2024-11-25,662.55
SPY,2024-11-26,661.60
SPY,2024-11-27,665.86
SPY,2024-11-28,654.26
SPY,2024-11-29,657.68
SPY,2024-12-02,664.09
SPY,2024-12-03,659.26
SPY,2024-12-04,650.12
SPY,2024-12-05,646.94
SPY,2024-12-06,647.09
SPY,2024-12-09,631.95
SPY,2024-12-10,639.24
SPY,2024-12-11,633.06
SPY,2024-12-12,627.44
SPY,2024-12-13,641.20
SPY,2024-12-16,642.23
SPY,2024-12-17,642.68
SPY,2024-12-18,644.27
SPY,2024-12-19,649.02
SPY,2024-12-20,649.35
SPY,2024-12-23,644.86
SPY,2024-12-24,647.14
SPY,2024-12-25,662.80
SPY,2024-12-26,653.83
SPY,2024-12-27,647.99
SPY,2024-12-30,653.42
SPY,2024-12-31,660.65
SPY,2025-01-01,674.94
SPY,2025-01-02,661.57
SPY,2025-01-03,658.73
SPY,2025-01-06,653.37
SPY,2025-01-07,649.80
SPY,2025-01-08,655.80
SPY,2025-01-09,663.25
SPY,2025-01-10,676.55
SPY,2025-01-13,669.77
SPY,2025-01-14,678.13
SPY,2025-01-15,689.58
SPY,2025-01-16,683.26
SPY,2025-01-17,688.60
SPY,2025-01-20,686.76
SPY,2025-01-21,672.94
SPY,2025-01-22,662.72
SPY,2025-01-23,668.88
SPY,2025-01-24,653.14
SPY,2025-01-27,646.29
SPY,2025-01-28,646.30
SPY,2025-01-29,646.81
SPY,2025-01-30,653.24
SPY,2025-01-31,657.13
SPY,2025-02-03,649.54
SPY,2025-02-04,658.88
SPY,2025-02-05,656.85
SPY,2025-02-06,656.47
SPY,2025-02-07,653.19
SPY,2025-02-10,653.12
SPY,2025-02-11,648.75
SPY,2025-02-12,641.42
SPY,2025-02-13,642.12
SPY,2025-02-14,651.81
SPY,2025-02-17,664.12
SPY,2025-02-18,659.53
SPY,2025-02-19,661.92
SPY,2025-02-20,654.84
SPY,2025-02-21,651.79
SPY,2025-02-24,641.68
SPY,2025-02-25,650.36
SPY,2025-02-26,655.09
SPY,2025-02-27,653.66
SPY,2025-02-28,648.08
SPY,2025-03-03,648.06
SPY,2025-03-04,644.60
SPY,2025-03-05,653.56
SPY,2025-03-06,663.05
SPY,2025-03-07,649.45
SPY,2025-03-10,658.52
SPY,2025-03-11,651.49
SPY,2025-03-12,653.08
SPY,2025-03-13,648.93
SPY,2025-03-14,651.79
SPY,2025-03-17,652.73
SPY,2025-03-18,665.09
SPY,2025-03-19,654.40
SPY,2025-03-20,662.30
SPY,2025-03-21,669.54
SPY,2025-03-24,680.15
SPY,2025-03-25,664.38
SPY,2025-03-26,668.32
SPY,2025-03-27,659.53
SPY,2025-03-28,681.32
SPY,2025-03-31,677.32
SPY,2025-04-01,688.55
SPY,2025-04-02,682.05
SPY,2025-04-03,687.41
SPY,2025-04-04,685.67
SPY,2025-04-07,687.94
SPY,2025-04-08,689.00
SPY,2025-04-09,675.78
SPY,2025-04-10,679.08
SPY,2025-04-11,679.00
SPY,2025-04-14,672.68
SPY,2025-04-15,675.98
SPY,2025-04-16,667.37
SPY,2025-04-17,658.42
SPY,2025-04-18,663.42
SPY,2025-04-21,654.72
SPY,2025-04-22,648.27
SPY,2025-04-23,658.87
SPY,2025-04-24,652.98
SPY,2025-04-25,651.34
SPY,2025-04-28,651.38
SPY,2025-04-29,661.49
SPY,2025-04-30,663.36
SPY,2025-05-01,680.79
SPY,2025-05-02,672.19
SPY,2025-05-05,680.54
SPY,2025-05-06,678.80
SPY,2025-05-07,696.59
SPY,2025-05-08,691.53
SPY,2025-05-09,692.02
SPY,2025-05-12,699.18
SPY,2025-05-13,696.07
SPY,2025-05-14,702.14
SPY,2025-05-15,708.58
SPY,2025-05-16,706.01
SPY,2025-05-19,713.55
SPY,2025-05-20,711.15
SPY,2025-05-21,698.31
SPY,2025-05-22,703.51
SPY,2025-05-23,713.29
SPY,2025-05-26,713.04
SPY,2025-05-27,718.15
SPY,2025-05-28,714.71
SPY,2025-05-29,718.79
SPY,2025-05-30,713.82
SPY,2025-06-02,719.33
SPY,2025-06-03,716.39
SPY,2025-06-04,707.66
SPY,2025-06-05,702.83
SPY,2025-06-06,710.76
SPY,2025-06-09,723.40
SPY,2025-06-10,719.59
SPY,2025-06-11,709.06
SPY,2025-06-12,723.12
SPY,2025-06-13,715.21
SPY,2025-06-16,720.31
SPY,2025-06-17,725.85
SPY,2025-06-18,727.86
SPY,2025-06-19,728.21
SPY,2025-06-20,723.21
SPY,2025-06-23,717.21
SPY,2025-06-24,715.38
SPY,2025-06-25,719.60
SPY,2025-06-26,720.32
SPY,2025-06-27,722.02
SPY,2025-06-30,716.71
SPY,2025-07-01,724.62
SPY,2025-07-02,711.54
SPY,2025-07-03,708.86
SPY,2025-07-04,711.20
SPY,2025-07-07,702.34
SPY,2025-07-08,698.92
SPY,2025-07-09,708.20
SPY,2025-07-10,708.51
SPY,2025-07-11,707.95
SPY,2025-07-14,729.23
SPY,2025-07-15,738.52
SPY,2025-07-16,742.42
SPY,2025-07-17,726.34
SPY,2025-07-18,732.50
SPY,2025-07-21,753.88
SPY,2025-07-22,755.77
SPY,2025-07-23,758.49
SPY,2025-07-24,774.90
SPY,2025-07-25,758.16
SPY,2025-07-28,774.06
SPY,2025-07-29,785.70
SPY,2025-07-30,782.44
SPY,2025-07-31,792.65
SPY,2025-08-01,801.27
SPY,2025-08-04,822.07
SPY,2025-08-05,827.14
SPY,2025-08-06,821.75
SPY,2025-08-07,826.70
SPY,2025-08-08,812.00
SPY,2025-08-11,811.29
SPY,2025-08-12,816.05
SPY,2025-08-13,819.83
SPY,2025-08-14,824.08
SPY,2025-08-15,812.50
SPY,2025-08-18,833.52
SPY,2025-08-19,825.04
SPY,2025-08-20,826.64
SPY,2025-08-21,824.37
SPY,2025-08-22,830.38
SPY,2025-08-25,817.25
SPY,2025-08-26,802.24
SPY,2025-08-27,803.25
SPY,2025-08-28,804.67
SPY,2025-08-29,806.09
SPY,2025-09-01,803.77
SPY,2025-09-02,809.17
SPY,2025-09-03,812.03
SPY,2025-09-04,809.11
SPY,2025-09-05,803.90
SPY,2025-09-08,806.29
SPY,2025-09-09,810.81
SPY,2025-09-10,809.10
SPY,2025-09-11,822.31
SPY,2025-09-12,825.42
SPY,2025-09-15,828.92
SPY,2025-09-16,808.66
SPY,2025-09-17,818.04
SPY,2025-09-18,823.52
SPY,2025-09-19,815.21
SPY,2025-09-22,824.32
SPY,2025-09-23,843.14
SPY,2025-09-24,840.89
SPY,2025-09-25,837.21
SPY,2025-09-26,839.99
SPY,2025-09-29,843.58
SPY,2025-09-30,834.52
SPY,2025-10-01,837.05
SPY,2025-10-02,824.42
SPY,2025-10-03,822.60
SPY,2025-10-06,835.30
SPY,2025-10-07,853.08
SPY,2025-10-08,857.92
SPY,2025-10-09,855.54
SPY,2025-10-10,869.26
SPY,2025-10-13,860.40
SPY,2025-10-14,869.63
SPY,2025-10-15,868.78
SPY,2025-10-16,868.80
SPY,2025-10-17,864.75
SPY,2025-10-20,870.60
SPY,2025-10-21,870.26
SPY,2025-10-22,881.17
SPY,2025-10-23,884.48
SPY,2025-10-24,884.08
SPY,2025-10-27,911.18
SPY,2025-10-28,907.61
SPY,2025-10-29,912.39
SPY,2025-10-30,898.03
SPY,2025-10-31,888.48
SPY,2025-11-03,876.19
SPY,2025-11-04,878.88
SPY,2025-11-05,882.00
SPY,2025-11-06,902.01
SPY,2025-11-07,906.48
SPY,2025-11-10,908.51
SPY,2025-11-11,929.50
SPY,2025-11-12,929.73
SPY,2025-11-13,929.38
SPY,2025-11-14,930.14
SPY,2025-11-17,925.74
SPY,2025-11-18,920.71
SPY,2025-11-19,915.21
SPY,2025-11-20,911.37
SPY,2025-11-21,904.71
SPY,2025-11-24,899.98
SPY,2025-11-25,896.99
SPY,2025-11-26,895.77
SPY,2025-11-27,911.61
SPY,2025-11-28,924.21
SPY,2025-12-01,926.54
SPY,2025-12-02,929.60
SPY,2025-12-03,931.01
SPY,2025-12-04,922.86
SPY,2025-12-05,944.71
SPY,2025-12-08,924.65
SPY,2025-12-09,907.88
SPY,2025-12-10,898.28
SPY,2025-12-11,898.17
SPY,2025-12-12,895.97
SPY,2025-12-15,900.43
SPY,2025-12-16,894.02
SPY,2025-12-17,884.67
SPY,2025-12-18,874.58
SPY,2025-12-19,867.83
SPY,2025-12-22,861.95
SPY,2025-12-23,854.14
SPY,2025-12-24,835.02
SPY,2025-12-25,835.63
SPY,2025-12-26,827.72
SPY,2025-12-29,828.39
SPY,2025-12-30,832.17
SPY,2025-12-31,828.89
SPY,2026-01-01,842.26
SPY,2026-01-02,828.00
SPY,2026-01-05,829.58
SPY,2026-01-06,832.81
SPY,2026-01-07,841.68
SPY,2026-01-08,837.84
SPY,2026-01-09,849.23
SPY,2026-01-12,864.76
SPY,2026-01-13,845.57
SPY,2026-01-14,847.31
SPY,2026-01-15,856.19
SPY,2026-01-16,853.95
SPY,2026-01-19,857.47
SPY,2026-01-20,853.93
SPY,2026-01-21,867.86
SPY,2026-01-22,871.56
SPY,2026-01-23,871.64
SPY,2026-01-26,882.92
SPY,2026-01-27,878.06
SPY,2026-01-28,873.18
SPY,2026-01-29,871.39
SPY,2026-01-30,863.56
SPY,2026-02-02,862.66
SPY,2026-02-03,864.42
SPY,2026-02-04,858.71
SPY,2026-02-05,851.48
SPY,2026-02-06,852.27
SPY,2026-02-09,854.17
SPY,2026-02-10,835.85
SPY,2026-02-11,832.88
SPY,2026-02-12,823.30
SPY,2026-02-13,823.63
SPY,2026-02-16,829.75
SPY,2026-02-17,835.14
SPY,2026-02-18,830.47
SPY,2026-02-19,828.81
SPY,2026-02-20,837.01
SPY,2026-02-23,835.23
SPY,2026-02-24,829.40
SPY,2026-02-25,818.81
SPY,2026-02-26,804.11
SPY,2026-02-27,800.46
SPY,2026-03-02,794.23
SPY,2026-03-03,799.56
SPY,2026-03-04,789.03
SPY,2026-03-05,773.23
SPY,2026-03-06,789.56
SPY,2026-03-09,781.19
SPY,2026-03-10,764.94
SPY,2026-03-11,753.53
SPY,2026-03-12,746.78
SPY,2026-03-13,754.12
SPY,2026-03-16,747.65
SPY,2026-03-17,754.58
SPY,2026-03-18,769.71
SPY,2026-03-19,781.26
SPY,2026-03-20,796.16
SPY,2026-03-23,791.32
SPY,2026-03-24,781.87
SPY,2026-03-25,767.88
SPY,2026-03-26,768.21
SPY,2026-03-27,767.91
SPY,2026-03-30,755.39
SPY,2026-03-31,746.37
SPY,2026-04-01,758.74
SPY,2026-04-02,750.48
SPY,2026-04-03,757.70
SPY,2026-04-06,760.50
SPY,2026-04-07,762.33
SPY,2026-04-08,755.74
SPY,2026-04-09,744.74
SPY,2026-04-10,728.27
SPY,2026-04-13,712.19
SPY,2026-04-14,722.37
SPY,2026-04-15,719.86
SPY,2026-04-16,721.37
SPY,2026-04-17,720.12
SPY,2026-04-20,720.85
SPY,2026-04-21,702.92
SPY,2026-04-22,695.34
SPY,2026-04-23,711.10
SPY,2026-04-24,715.64
SPY,2026-04-27,718.89
SPY,2026-04-28,714.05
SPY,2026-04-29,718.55
SPY,2026-04-30,715.71
SPY,2026-05-01,719.48
SPY,2026-05-04,721.42
SPY,2026-05-05,716.16
SPY,2026-05-06,694.07
SPY,2026-05-07,687.51
SPY,2026-05-08,688.64
SPY,2026-05-11,680.60
SPY,2026-05-12,687.54
SPY,2026-05-13,686.21
SPY,2026-05-14,687.84
SPY,2026-05-15,683.41
SPY,2026-05-18,670.96
SPY,2026-05-19,682.92
SPY,2026-05-20,676.50
SPY,2026-05-21,675.28
SPY,2026-05-22,666.34
SPY,2026-05-25,659.32
SPY,2026-05-26,655.44
SPY,2026-05-27,641.83
SPY,2026-05-28,644.97
SPY,2026-05-29,647.98
SPY,2026-06-01,655.79
SPY,2026-06-02,662.07
SPY,2026-06-03,666.62
SPY,2026-06-04,656.51
SPY,2026-06-05,660.74
SPY,2026-06-08,658.15
SPY,2026-06-09,651.21
SPY,2026-06-10,659.21
SPY,2026-06-11,654.41
SPY,2026-06-12,656.29
SPY,2026-06-15,679.34
SPY,2026-06-16,662.39
SPY,2026-06-17,653.91
SPY,2026-06-18,655.89
SPY,2026-06-19,654.33
SPY,2026-06-22,661.65
SPY,2026-06-23,671.12
SPY,2026-06-24,664.64
SPY,2026-06-25,653.90
SPY,2026-06-26,670.51
SPY,2026-06-29,659.85
SPY,2026-06-30,662.73
SPY,2026-07-01,665.37
SPY,2026-07-02,676.26
SPY,2026-07-03,669.78
SPY,2026-07-06,679.28
SPY,2026-07-07,687.38
SPY,2026-07-08,689.73
SPY,2026-07-09,687.18
SPY,2026-07-10,693.06
SPY,2026-07-13,698.36
SPY,2026-07-14,702.72
SPY,2026-07-15,709.14
SPY,2026-07-16,723.07
SPY,2026-07-17,727.29
SPY,2026-07-20,730.52
SPY,2026-07-21,727.95
SPY,2026-07-22,731.16
SPY,2026-07-23,744.30
SPY,2026-07-24,730.39
SPY,2026-07-27,742.48
SPY,2026-07-28,750.30
SPY,2026-07-29,743.30
SPY,2026-07-30,738.58
SPY,2026-07-31,738.54
SPY,2026-08-03,753.33
SPY,2026-08-04,742.96
SPY,2026-08-05,726.45
SPY,2026-08-06,729.57
SPY,2026-08-07,731.14
SPY,2026-08-10,726.15
SPY,2026-08-11,728.77
SPY,2026-08-12,732.78
SPY,2026-08-13,739.74
SPY,2026-08-14,747.52
SPY,2026-08-17,748.63
SPY,2026-08-18,754.25
SPY,2026-08-19,751.20
SPY,2026-08-20,754.26
SPY,2026-08-21,753.78
SPY,2026-08-24,761.71
SPY,2026-08-25,769.58
SPY,2026-08-26,770.46
SPY,2026-08-27,780.49
SPY,2026-08-28,788.98
SPY,2026-08-31,785.94
SPY,2026-09-01,777.45
SPY,2026-09-02,782.45
SPY,2026-09-03,780.65
SPY,2026-09-04,788.10
SPY,2026-09-07,784.13
SPY,2026-09-08,790.40
SPY,2026-09-09,784.07
SPY,2026-09-10,789.26
SPY,2026-09-11,787.01
SPY,2026-09-14,801.31
SPY,2026-09-15,795.07
SPY,2026-09-16,795.62
SPY,2026-09-17,791.69
SPY,2026-09-18,807.45
SPY,2026-09-21,795.28
SPY,2026-09-22,798.68
SPY,2026-09-23,801.82
SPY,2026-09-24,796.48
SPY,2026-09-25,792.97
XYZ,2020-01-02,15.00
XYZ,2020-01-03,14.98
XYZ,2020-01-06,14.69
XYZ,2020-01-07,14.50
XYZ,2020-01-08,14.46
XYZ,2020-01-09,14.26
XYZ,2020-01-10,14.32
XYZ,2020-01-13,14.31
XYZ,2020-01-14,14.44
XYZ,2020-01-15,14.46
XYZ,2020-01-16,14.43
XYZ,2020-01-17,14.51
XYZ,2020-01-20,14.54
XYZ,2020-01-21,14.44
XYZ,2020-01-22,14.84
XYZ,2020-01-23,15.09
XYZ,2020-01-24,14.91
XYZ,2020-01-27,15.23
XYZ,2020-01-28,15.08
XYZ,2020-01-29,15.22
XYZ,2020-01-30,15.05
XYZ,2020-01-31,15.02
XYZ,2020-02-03,14.89
XYZ,2020-02-04,14.95
XYZ,2020-02-05,15.28
XYZ,2020-02-06,15.58
XYZ,2020-02-07,15.24
XYZ,2020-02-10,15.05
XYZ,2020-02-11,15.18
XYZ,2020-02-12,15.40
XYZ,2020-02-13,15.26
XYZ,2020-02-14,15.33
XYZ,2020-02-17,15.24
XYZ,2020-02-18,14.94
XYZ,2020-02-19,15.05
XYZ,2020-02-20,14.85
XYZ,2020-02-21,14.64
XYZ,2020-02-24,14.88
XYZ,2020-02-25,15.21
XYZ,2020-02-26,15.52
XYZ,2020-02-27,15.62
XYZ,2020-02-28,15.71
XYZ,2020-03-02,15.59
XYZ,2020-03-03,15.56
XYZ,2020-03-04,15.28
XYZ,2020-03-05,15.18
XYZ,2020-03-06,15.17
XYZ,2020-03-09,15.11
XYZ,2020-03-10,15.03
XYZ,2020-03-11,15.09
XYZ,2020-03-12,15.06
XYZ,2020-03-13,14.91
XYZ,2020-03-16,14.80
XYZ,2020-03-17,14.60
XYZ,2020-03-18,14.67
XYZ,2020-03-19,14.65
XYZ,2020-03-20,14.80
XYZ,2020-03-23,14.78
XYZ,2020-03-24,14.73
XYZ,2020-03-25,14.84
XYZ,2020-03-26,14.99
XYZ,2020-03-27,15.07
XYZ,2020-03-30,15.05
XYZ,2020-03-31,15.03
XYZ,2020-04-01,14.98
XYZ,2020-04-02,14.85
XYZ,2020-04-03,14.81
XYZ,2020-04-06,14.87
XYZ,2020-04-07,14.92
XYZ,2020-04-08,15.12
XYZ,2020-04-09,14.98
XYZ,2020-04-10,15.27
XYZ,2020-04-13,15.32
XYZ,2020-04-14,15.56
XYZ,2020-04-15,15.41
XYZ,2020-04-16,15.32
XYZ,2020-04-17,15.45
XYZ,2020-04-20,15.67
XYZ,2020-04-21,15.87
XYZ,2020-04-22,15.74
XYZ,2020-04-23,15.68
XYZ,2020-04-24,15.43
XYZ,2020-04-27,15.37
XYZ,2020-04-28,15.29
XYZ,2020-04-29,14.87
XYZ,2020-04-30,14.83
XYZ,2020-05-01,14.78
XYZ,2020-05-04,14.60
XYZ,2020-05-05,14.66
XYZ,2020-05-06,14.44
XYZ,2020-05-07,14.65
XYZ,2020-05-08,15.00
XYZ,2020-05-11,15.20
XYZ,2020-05-12,15.14
XYZ,2020-05-13,15.26
XYZ,2020-05-14,15.18
XYZ,2020-05-15,15.12
XYZ,2020-05-18,15.26
XYZ,2020-05-19,15.29
XYZ,2020-05-20,15.31
XYZ,2020-05-21,15.39
XYZ,2020-05-22,15.58
XYZ,2020-05-25,15.65
XYZ,2020-05-26,15.60
XYZ,2020-05-27,15.39
XYZ,2020-05-28,15.37
XYZ,2020-05-29,15.78
XYZ,2020-06-01,15.47
XYZ,2020-06-02,15.72
XYZ,2020-06-03,15.32
XYZ,2020-06-04,15.20
XYZ,2020-06-05,15.19
XYZ,2020-06-08,14.91
XYZ,2020-06-09,14.41
XYZ,2020-06-10,14.77
XYZ,2020-06-11,15.15
XYZ,2020-06-12,15.20
XYZ,2020-06-15,15.28
XYZ,2020-06-16,15.53
XYZ,2020-06-17,15.54
XYZ,2020-06-18,15.58
XYZ,2020-06-19,15.11
XYZ,2020-06-22,15.15
XYZ,2020-06-23,15.41
XYZ,2020-06-24,15.32
XYZ,2020-06-25,15.67
XYZ,2020-06-26,16.05
XYZ,2020-06-29,15.59
XYZ,2020-06-30,15.50
XYZ,2020-07-01,15.72
XYZ,2020-07-02,15.65
XYZ,2020-07-03,15.99
XYZ,2020-07-06,15.98
XYZ,2020-07-07,15.93
XYZ,2020-07-08,15.86
XYZ,2020-07-09,16.05
XYZ,2020-07-10,15.93
XYZ,2020-07-13,15.87
XYZ,2020-07-14,15.64
XYZ,2020-07-15,15.74
XYZ,2020-07-16,15.88
XYZ,2020-07-17,15.78
XYZ,2020-07-20,15.52
XYZ,2020-07-21,15.88
XYZ,2020-07-22,15.76
XYZ,2020-07-23,15.68
XYZ,2020-07-24,15.70
XYZ,2020-07-27,15.79
XYZ,2020-07-28,15.69
XYZ,2020-07-29,15.78
XYZ,2020-07-30,15.64
XYZ,2020-07-31,15.86
XYZ,2020-08-03,15.99
XYZ,2020-08-04,15.91
XYZ,2020-08-05,16.00
XYZ,2020-08-06,16.03
XYZ,2020-08-07,15.73
XYZ,2020-08-10,15.87
XYZ,2020-08-11,16.16
XYZ,2020-08-12,16.15
XYZ,2020-08-13,16.10
XYZ,2020-08-14,15.55
XYZ,2020-08-17,15.71
XYZ,2020-08-18,15.52
XYZ,2020-08-19,15.31
XYZ,2020-08-20,15.01
XYZ,2020-08-21,14.80
XYZ,2020-08-24,14.72
XYZ,2020-08-25,15.02
XYZ,2020-08-26,14.92
XYZ,2020-08-27,15.03
XYZ,2020-08-28,15.39
XYZ,2020-08-31,15.34
XYZ,2020-09-01,15.10
XYZ,2020-09-02,15.01
XYZ,2020-09-03,15.09
XYZ,2020-09-04,14.75
XYZ,2020-09-07,14.89
XYZ,2020-09-08,14.92
XYZ,2020-09-09,14.86
XYZ,2020-09-10,14.65
XYZ,2020-09-11,14.45
XYZ,2020-09-14,14.33
XYZ,2020-09-15,13.94
XYZ,2020-09-16,14.27
XYZ,2020-09-17,14.38
XYZ,2020-09-18,14.58
XYZ,2020-09-21,14.59
XYZ,2020-09-22,14.62
XYZ,2020-09-23,14.89
XYZ,2020-09-24,14.68
XYZ,2020-09-25,14.67
XYZ,2020-09-28,14.69
XYZ,2020-09-29,14.76
XYZ,2020-09-30,14.68
XYZ,2020-10-01,14.80
XYZ,2020-10-02,14.74
XYZ,2020-10-05,14.74
XYZ,2020-10-06,14.73
XYZ,2020-10-07,14.75
XYZ,2020-10-08,15.05
XYZ,2020-10-09,15.16
XYZ,2020-10-12,15.19
XYZ,2020-10-13,15.19
XYZ,2020-10-14,15.29
XYZ,2020-10-15,15.29
XYZ,2020-10-16,15.22
XYZ,2020-10-19,15.25
XYZ,2020-10-20,15.16
XYZ,2020-10-21,15.28
XYZ,2020-10-22,15.40
XYZ,2020-10-23,15.63
XYZ,2020-10-26,15.71
XYZ,2020-10-27,16.11
XYZ,2020-10-28,15.97
XYZ,2020-10-29,15.45
XYZ,2020-10-30,15.52
XYZ,2020-11-02,15.46
XYZ,2020-11-03,15.60
XYZ,2020-11-04,15.95
XYZ,2020-11-05,16.03
XYZ,2020-11-06,16.06
XYZ,2020-11-09,15.95
XYZ,2020-11-10,15.91
XYZ,2020-11-11,16.13
XYZ,2020-11-12,16.04
XYZ,2020-11-13,16.31
XYZ,2020-11-16,16.21
XYZ,2020-11-17,16.42
XYZ,2020-11-18,16.36
XYZ,2020-11-19,16.18
XYZ,2020-11-20,16.15
XYZ,2020-11-23,16.06
XYZ,2020-11-24,16.29
XYZ,2020-11-25,16.27
XYZ,2020-11-26,16.20
XYZ,2020-11-27,16.26
XYZ,2020-11-30,16.15
XYZ,2020-12-01,16.47
XYZ,2020-12-02,16.53
XYZ,2020-12-03,16.81
XYZ,2020-12-04,16.98
XYZ,2020-12-07,16.72
XYZ,2020-12-08,16.57
XYZ,2020-12-09,16.50
XYZ,2020-12-10,16.40
XYZ,2020-12-11,16.07
XYZ,2020-12-14,16.43
XYZ,2020-12-15,16.38
XYZ,2020-12-16,16.19
XYZ,2020-12-17,16.12
XYZ,2020-12-18,16.16
XYZ,2020-12-21,16.37
XYZ,2020-12-22,16.36
XYZ,2020-12-23,16.69
XYZ,2020-12-24,16.62
XYZ,2020-12-25,16.76
XYZ,2020-12-28,16.88
XYZ,2020-12-29,16.76
XYZ,2020-12-30,16.99
XYZ,2020-12-31,17.19
XYZ,2021-01-01,17.51
XYZ,2021-01-04,17.12
XYZ,2021-01-05,17.20
XYZ,2021-01-06,17.04
XYZ,2021-01-07,17.18
XYZ,2021-01-08,16.72
XYZ,2021-01-11,17.13
XYZ,2021-01-12,17.03
XYZ,2021-01-13,17.45
XYZ,2021-01-14,17.02
XYZ,2021-01-15,17.00
XYZ,2021-01-18,16.79
XYZ,2021-01-19,17.06
XYZ,2021-01-20,16.82
XYZ,2021-01-21,16.86
XYZ,2021-01-22,16.91
XYZ,2021-01-25,16.96
XYZ,2021-01-26,17.24
XYZ,2021-01-27,17.31
XYZ,2021-01-28,17.19
XYZ,2021-01-29,17.27
XYZ,2021-02-01,16.84
XYZ,2021-02-02,16.81
XYZ,2021-02-03,16.55
XYZ,2021-02-04,16.59
XYZ,2021-02-05,16.41
XYZ,2021-02-08,16.32
XYZ,2021-02-09,16.66
XYZ,2021-02-10,16.55
XYZ,2021-02-11,16.49
XYZ,2021-02-12,16.83
XYZ,2021-02-15,17.26
XYZ,2021-02-16,17.01
XYZ,2021-02-17,17.13
XYZ,2021-02-18,17.44
XYZ,2021-02-19,17.16
XYZ,2021-02-22,17.59
XYZ,2021-02-23,17.48
XYZ,2021-02-24,17.28
XYZ,2021-02-25,17.58
XYZ,2021-02-26,17.17
XYZ,2021-03-01,17.39
XYZ,2021-03-02,17.25
XYZ,2021-03-03,17.48
XYZ,2021-03-04,17.66
XYZ,2021-03-05,18.00
XYZ,2021-03-08,17.82
XYZ,2021-03-09,17.50
XYZ,2021-03-10,17.76
XYZ,2021-03-11,17.33
XYZ,2021-03-12,17.44
XYZ,2021-03-15,17.37
XYZ,2021-03-16,17.82
XYZ,2021-03-17,18.19
XYZ,2021-03-18,18.57
XYZ,2021-03-19,18.58
XYZ,2021-03-22,18.54
XYZ,2021-03-23,18.66
XYZ,2021-03-24,19.04
XYZ,2021-03-25,19.61
XYZ,2021-03-26,19.57
XYZ,2021-03-29,19.74
XYZ,2021-03-30,19.58
XYZ,2021-03-31,19.66
XYZ,2021-04-01,19.99
XYZ,2021-04-02,20.03
XYZ,2021-04-05,19.85
XYZ,2021-04-06,20.66
XYZ,2021-04-07,20.72
XYZ,2021-04-08,20.51
XYZ,2021-04-09,20.69
XYZ,2021-04-12,20.46
XYZ,2021-04-13,20.66
XYZ,2021-04-14,20.53
XYZ,2021-04-15,20.59
XYZ,2021-04-16,20.50
XYZ,2021-04-19,20.65
XYZ,2021-04-20,21.00
XYZ,2021-04-21,20.90
XYZ,2021-04-22,20.76
XYZ,2021-04-23,20.61
XYZ,2021-04-26,19.90
XYZ,2021-04-27,20.36
XYZ,2021-04-28,20.68
XYZ,2021-04-29,20.83
XYZ,2021-04-30,20.84
XYZ,2021-05-03,20.68
XYZ,2021-05-04,20.97
XYZ,2021-05-05,21.10
XYZ,2021-05-06,20.87
XYZ,2021-05-07,20.68
XYZ,2021-05-10,20.58
XYZ,2021-05-11,20.79
XYZ,2021-05-12,20.69
XYZ,2021-05-13,20.73
XYZ,2021-05-14,20.67
XYZ,2021-05-17,20.39
XYZ,2021-05-18,20.37
XYZ,2021-05-19,20.26
XYZ,2021-05-20,20.28
XYZ,2021-05-21,20.44
XYZ,2021-05-24,20.16
XYZ,2021-05-25,19.94
XYZ,2021-05-26,19.49
XYZ,2021-05-27,19.49
XYZ,2021-05-28,19.52
XYZ,2021-05-31,19.78
XYZ,2021-06-01,19.47
XYZ,2021-06-02,19.02
XYZ,2021-06-03,19.13
XYZ,2021-06-04,19.40
XYZ,2021-06-07,19.66
XYZ,2021-06-08,19.72
XYZ,2021-06-09,19.75
XYZ,2021-06-10,20.10
XYZ,2021-06-11,20.34
XYZ,2021-06-14,20.17
XYZ,2021-06-15,20.32
XYZ,2021-06-16,20.34
XYZ,2021-06-17,20.57
XYZ,2021-06-18,20.65
XYZ,2021-06-21,20.34
XYZ,2021-06-22,20.32
XYZ,2021-06-23,20.22
XYZ,2021-06-24,20.45
XYZ,2021-06-25,20.76
XYZ,2021-06-28,20.69
XYZ,2021-06-29,20.72
XYZ,2021-06-30,20.54
XYZ,2021-07-01,20.44
XYZ,2021-07-02,20.51
XYZ,2021-07-05,20.03
XYZ,2021-07-06,20.28
XYZ,2021-07-07,20.31
XYZ,2021-07-08,20.46
XYZ,2021-07-09,20.56
XYZ,2021-07-12,20.28
XYZ,2021-07-13,20.38
XYZ,2021-07-14,19.89
XYZ,2021-07-15,20.16
XYZ,2021-07-16,20.21
XYZ,2021-07-19,20.28
XYZ,2021-07-20,20.34
XYZ,2021-07-21,20.51
XYZ,2021-07-22,20.49
XYZ,2021-07-23,20.31
XYZ,2021-07-26,20.30
XYZ,2021-07-27,20.45
XYZ,2021-07-28,20.27
XYZ,2021-07-29,20.04
XYZ,2021-07-30,19.87
XYZ,2021-08-02,20.14
XYZ,2021-08-03,20.22
XYZ,2021-08-04,20.16
XYZ,2021-08-05,19.88
XYZ,2021-08-06,19.75
XYZ,2021-08-09,20.15
XYZ,2021-08-10,20.35
XYZ,2021-08-11,20.23
XYZ,2021-08-12,20.01
XYZ,2021-08-13,20.51
XYZ,2021-08-16,20.80
XYZ,2021-08-17,21.11
XYZ,2021-08-18,21.48
XYZ,2021-08-19,21.76
XYZ,2021-08-20,21.32
XYZ,2021-08-23,21.43
XYZ,2021-08-24,21.78
XYZ,2021-08-25,21.65
XYZ,2021-08-26,21.46
XYZ,2021-08-27,21.32
XYZ,2021-08-30,21.45
XYZ,2021-08-31,21.08
XYZ,2021-09-01,20.93
XYZ,2021-09-02,21.34
XYZ,2021-09-03,21.08
XYZ,2021-09-06,21.19
XYZ,2021-09-07,21.57
XYZ,2021-09-08,21.29
XYZ,2021-09-09,21.19
XYZ,2021-09-10,20.65
XYZ,2021-09-13,21.08
XYZ,2021-09-14,21.09
XYZ,2021-09-15,20.53
XYZ,2021-09-16,20.39
XYZ,2021-09-17,20.78
XYZ,2021-09-20,19.90
XYZ,2021-09-21,20.02
XYZ,2021-09-22,20.23
XYZ,2021-09-23,20.58
XYZ,2021-09-24,20.79
XYZ,2021-09-27,20.85
XYZ,2021-09-28,20.92
XYZ,2021-09-29,20.90
XYZ,2021-09-30,21.15
XYZ,2021-10-01,21.58
XYZ,2021-10-04,21.30
XYZ,2021-10-05,21.47
XYZ,2021-10-06,21.38
XYZ,2021-10-07,21.39
XYZ,2021-10-08,21.50
XYZ,2021-10-11,21.76
XYZ,2021-10-12,21.59
XYZ,2021-10-13,21.16
XYZ,2021-10-14,20.99
XYZ,2021-10-15,21.03
XYZ,2021-10-18,21.23
XYZ,2021-10-19,21.13
XYZ,2021-10-20,21.17
XYZ,2021-10-21,21.15
XYZ,2021-10-22,21.06
XYZ,2021-10-25,20.97
XYZ,2021-10-26,20.68
XYZ,2021-10-27,20.76
XYZ,2021-10-28,20.57
XYZ,2021-10-29,20.51
XYZ,2021-11-01,20.56
XYZ,2021-11-02,20.64
XYZ,2021-11-03,20.64
XYZ,2021-11-04,21.22
XYZ,2021-11-05,21.19
XYZ,2021-11-08,21.55
XYZ,2021-11-09,21.68
XYZ,2021-11-10,21.77
XYZ,2021-11-11,21.57
XYZ,2021-11-12,21.64
XYZ,2021-11-15,21.61
XYZ,2021-11-16,21.81
XYZ,2021-11-17,21.84
XYZ,2021-11-18,21.94
XYZ,2021-11-19,21.54
XYZ,2021-11-22,21.31
XYZ,2021-11-23,21.15
XYZ,2021-11-24,21.68
XYZ,2021-11-25,22.23
XYZ,2021-11-26,22.22
XYZ,2021-11-29,22.89
XYZ,2021-11-30,22.78
XYZ,2021-12-01,22.93
XYZ,2021-12-02,22.81
XYZ,2021-12-03,22.18
XYZ,2021-12-06,22.25
XYZ,2021-12-07,22.24
XYZ,2021-12-08,22.77
XYZ,2021-12-09,22.71
XYZ,2021-12-10,22.70
XYZ,2021-12-13,22.51
XYZ,2021-12-14,22.94
XYZ,2021-12-15,22.90
XYZ,2021-12-16,22.78
XYZ,2021-12-17,22.76
XYZ,2021-12-20,22.85
XYZ,2021-12-21,22.67
XYZ,2021-12-22,22.83
XYZ,2021-12-23,23.07
XYZ,2021-12-24,23.52
XYZ,2021-12-27,23.93
XYZ,2021-12-28,23.87
XYZ,2021-12-29,23.52
XYZ,2021-12-30,22.89
XYZ,2021-12-31,22.87
XYZ,2022-01-03,22.85
XYZ,2022-01-04,23.29
XYZ,2022-01-05,23.11
XYZ,2022-01-06,23.46
XYZ,2022-01-07,23.58
XYZ,2022-01-10,23.66
XYZ,2022-01-11,23.85
XYZ,2022-01-12,24.42
XYZ,2022-01-13,24.30
XYZ,2022-01-14,24.68
XYZ,2022-01-17,25.06
XYZ,2022-01-18,25.05
XYZ,2022-01-19,25.08
XYZ,2022-01-20,25.07
XYZ,2022-01-21,25.01
XYZ,2022-01-24,24.71
XYZ,2022-01-25,24.83
XYZ,2022-01-26,24.52
XYZ,2022-01-27,24.54
XYZ,2022-01-28,24.26
XYZ,2022-01-31,24.72
XYZ,2022-02-01,24.94
XYZ,2022-02-02,25.28
XYZ,2022-02-03,25.71
XYZ,2022-02-04,25.98
XYZ,2022-02-07,25.95
XYZ,2022-02-08,25.76
XYZ,2022-02-09,26.00
XYZ,2022-02-10,25.13
XYZ,2022-02-11,25.35
XYZ,2022-02-14,25.74
XYZ,2022-02-15,26.29
XYZ,2022-02-16,25.86
XYZ,2022-02-17,25.67
XYZ,2022-02-18,25.72
XYZ,2022-02-21,25.88
XYZ,2022-02-22,26.35
XYZ,2022-02-23,26.55
XYZ,2022-02-24,26.66
XYZ,2022-02-25,26.97
XYZ,2022-02-28,27.28
XYZ,2022-03-01,27.16
XYZ,2022-03-02,27.30
XYZ,2022-03-03,26.99
XYZ,2022-03-04,27.08
XYZ,2022-03-07,26.80
XYZ,2022-03-08,26.51
XYZ,2022-03-09,27.07
XYZ,2022-03-10,27.12
XYZ,2022-03-11,27.33
XYZ,2022-03-14,26.94
XYZ,2022-03-15,26.63
XYZ,2022-03-16,26.12
XYZ,2022-03-17,25.87
XYZ,2022-03-18,26.13
XYZ,2022-03-21,26.47
XYZ,2022-03-22,26.45
XYZ,2022-03-23,26.19
XYZ,2022-03-24,26.66
XYZ,2022-03-25,26.74
XYZ,2022-03-28,26.36
XYZ,2022-03-29,26.10
XYZ,2022-03-30,26.15
XYZ,2022-03-31,25.72
XYZ,2022-04-01,25.77
XYZ,2022-04-04,26.14
XYZ,2022-04-05,26.18
XYZ,2022-04-06,26.24
XYZ,2022-04-07,26.29
XYZ,2022-04-08,26.30
XYZ,2022-04-11,25.88
XYZ,2022-04-12,26.38
XYZ,2022-04-13,26.46
XYZ,2022-04-14,26.52
XYZ,2022-04-15,26.49
XYZ,2022-04-18,26.63
XYZ,2022-04-19,26.05
XYZ,2022-04-20,25.99
XYZ,2022-04-21,26.02
XYZ,2022-04-22,25.95
XYZ,2022-04-25,25.85
XYZ,2022-04-26,26.18
XYZ,2022-04-27,26.00
XYZ,2022-04-28,26.37
XYZ,2022-04-29,26.38
XYZ,2022-05-02,26.48
XYZ,2022-05-03,26.65
XYZ,2022-05-04,27.04
XYZ,2022-05-05,26.81
XYZ,2022-05-06,26.99
XYZ,2022-05-09,27.32
XYZ,2022-05-10,27.34
XYZ,2022-05-11,27.75
XYZ,2022-05-12,28.03
XYZ,2022-05-13,27.99
XYZ,2022-05-16,27.54
XYZ,2022-05-17,27.31
XYZ,2022-05-18,27.02
XYZ,2022-05-19,27.49
XYZ,2022-05-20,27.83
XYZ,2022-05-23,27.57
XYZ,2022-05-24,27.30
XYZ,2022-05-25,27.89
XYZ,2022-05-26,28.25
XYZ,2022-05-27,28.63
XYZ,2022-05-30,28.99
XYZ,2022-05-31,29.10
XYZ,2022-06-01,29.41
XYZ,2022-06-02,29.61
XYZ,2022-06-03,30.17
XYZ,2022-06-06,29.97
XYZ,2022-06-07,29.68
XYZ,2022-06-08,30.22
XYZ,2022-06-09,30.41
XYZ,2022-06-10,30.63
XYZ,2022-06-13,30.91
XYZ,2022-06-14,31.44
XYZ,2022-06-15,31.02
XYZ,2022-06-16,30.81
XYZ,2022-06-17,31.19
XYZ,2022-06-20,31.55
XYZ,2022-06-21,31.20
XYZ,2022-06-22,30.75
XYZ,2022-06-23,31.44
XYZ,2022-06-24,31.51
XYZ,2022-06-27,31.61
XYZ,2022-06-28,31.68
XYZ,2022-06-29,32.25
XYZ,2022-06-30,32.66
XYZ,2022-07-01,31.97
XYZ,2022-07-04,32.13
XYZ,2022-07-05,31.74
XYZ,2022-07-06,31.99
XYZ,2022-07-07,32.03
XYZ,2022-07-08,31.79
XYZ,2022-07-11,31.32
XYZ,2022-07-12,30.94
XYZ,2022-07-13,31.31
XYZ,2022-07-14,31.48
XYZ,2022-07-15,31.34
XYZ,2022-07-18,30.86
XYZ,2022-07-19,30.39
XYZ,2022-07-20,30.10
XYZ,2022-07-21,30.34
XYZ,2022-07-22,30.63
XYZ,2022-07-25,30.60
XYZ,2022-07-26,29.94
XYZ,2022-07-27,29.83
XYZ,2022-07-28,30.67
XYZ,2022-07-29,30.81
XYZ,2022-08-01,30.84
XYZ,2022-08-02,31.21
XYZ,2022-08-03,30.45
XYZ,2022-08-04,30.54
XYZ,2022-08-05,30.19
XYZ,2022-08-08,30.41
XYZ,2022-08-09,30.50
XYZ,2022-08-10,30.44
XYZ,2022-08-11,29.90
XYZ,2022-08-12,29.57
XYZ,2022-08-15,29.26
XYZ,2022-08-16,29.71
XYZ,2022-08-17,29.66
XYZ,2022-08-18,29.81
XYZ,2022-08-19,30.15
XYZ,2022-08-22,30.72
XYZ,2022-08-23,30.36
XYZ,2022-08-24,30.33
XYZ,2022-08-25,29.71
XYZ,2022-08-26,30.22
XYZ,2022-08-29,30.11
XYZ,2022-08-30,30.92
XYZ,2022-08-31,30.43
XYZ,2022-09-01,30.27
XYZ,2022-09-02,30.61
XYZ,2022-09-05,30.61
XYZ,2022-09-06,30.87
XYZ,2022-09-07,30.84
XYZ,2022-09-08,30.73
XYZ,2022-09-09,30.91
XYZ,2022-09-12,31.21
XYZ,2022-09-13,31.47
XYZ,2022-09-14,32.02
XYZ,2022-09-15,31.43
XYZ,2022-09-16,31.03
XYZ,2022-09-19,31.33
XYZ,2022-09-20,31.83
XYZ,2022-09-21,31.76
XYZ,2022-09-22,32.20
XYZ,2022-09-23,32.50
XYZ,2022-09-26,32.38
XYZ,2022-09-27,32.41
XYZ,2022-09-28,32.25
XYZ,2022-09-29,32.47
XYZ,2022-09-30,32.38
XYZ,2022-10-03,32.15
XYZ,2022-10-04,32.09
XYZ,2022-10-05,32.05
XYZ,2022-10-06,31.75
XYZ,2022-10-07,32.24
XYZ,2022-10-10,32.69
XYZ,2022-10-11,32.44
XYZ,2022-10-12,32.15
XYZ,2022-10-13,32.48
XYZ,2022-10-14,32.04
XYZ,2022-10-17,31.96
XYZ,2022-10-18,31.92
XYZ,2022-10-19,31.49
XYZ,2022-10-20,31.74
XYZ,2022-10-21,31.58
XYZ,2022-10-24,31.19
XYZ,2022-10-25,31.50
XYZ,2022-10-26,31.36
XYZ,2022-10-27,32.01
XYZ,2022-10-28,31.92
XYZ,2022-10-31,32.13
XYZ,2022-11-01,32.03
XYZ,2022-11-02,31.96
XYZ,2022-11-03,31.83
XYZ,2022-11-04,31.81
XYZ,2022-11-07,32.15
XYZ,2022-11-08,32.08
XYZ,2022-11-09,31.74
XYZ,2022-11-10,32.22
XYZ,2022-11-11,31.58
XYZ,2022-11-14,31.66
XYZ,2022-11-15,31.62
XYZ,2022-11-16,31.20
XYZ,2022-11-17,30.94
XYZ,2022-11-18,30.41
XYZ,2022-11-21,30.00
XYZ,2022-11-22,30.07
XYZ,2022-11-23,30.73
XYZ,2022-11-24,30.74
XYZ,2022-11-25,30.52
XYZ,2022-11-28,29.84
XYZ,2022-11-29,29.30
XYZ,2022-11-30,28.93
XYZ,2022-12-01,28.36
XYZ,2022-12-02,28.33
XYZ,2022-12-05,29.14
XYZ,2022-12-06,28.71
XYZ,2022-12-07,28.61
XYZ,2022-12-08,28.90
XYZ,2022-12-09,28.88
XYZ,2022-12-12,28.46
XYZ,2022-12-13,28.21
XYZ,2022-12-14,28.05
XYZ,2022-12-15,27.91
XYZ,2022-12-16,27.59
XYZ,2022-12-19,27.47
XYZ,2022-12-20,27.00
XYZ,2022-12-21,27.25
XYZ,2022-12-22,27.39
XYZ,2022-12-23,27.67
XYZ,2022-12-26,28.20
XYZ,2022-12-27,28.49
XYZ,2022-12-28,28.65
XYZ,2022-12-29,29.26
XYZ,2022-12-30,29.08
XYZ,2023-01-02,29.88
XYZ,2023-01-03,29.79
XYZ,2023-01-04,30.23
XYZ,2023-01-05,30.59
XYZ,2023-01-06,30.35
XYZ,2023-01-09,30.44
XYZ,2023-01-10,29.87
XYZ,2023-01-11,29.72
XYZ,2023-01-12,29.22
XYZ,2023-01-13,29.68
XYZ,2023-01-16,29.48
XYZ,2023-01-17,30.11
XYZ,2023-01-18,30.03
XYZ,2023-01-19,29.48
XYZ,2023-01-20,29.12
XYZ,2023-01-23,28.78
XYZ,2023-01-24,28.49
XYZ,2023-01-25,28.28
XYZ,2023-01-26,27.95
XYZ,2023-01-27,27.79
XYZ,2023-01-30,27.64
XYZ,2023-01-31,27.29
XYZ,2023-02-01,26.91
XYZ,2023-02-02,27.03
XYZ,2023-02-03,26.97
XYZ,2023-02-06,26.67
XYZ,2023-02-07,26.33
XYZ,2023-02-08,26.70
XYZ,2023-02-09,27.00
XYZ,2023-02-10,26.82
XYZ,2023-02-13,26.75
XYZ,2023-02-14,26.89
XYZ,2023-02-15,27.33
XYZ,2023-02-16,26.34
XYZ,2023-02-17,26.68
XYZ,2023-02-20,26.65
XYZ,2023-02-21,26.70
XYZ,2023-02-22,25.98
XYZ,2023-02-23,26.34
XYZ,2023-02-24,26.21
XYZ,2023-02-27,25.96
XYZ,2023-02-28,25.96
XYZ,2023-03-01,26.18
XYZ,2023-03-02,25.65
XYZ,2023-03-03,25.87
XYZ,2023-03-06,25.71
XYZ,2023-03-07,26.00
XYZ,2023-03-08,25.35
XYZ,2023-03-09,25.54
XYZ,2023-03-10,25.48
XYZ,2023-03-13,25.53
XYZ,2023-03-14,25.52
XYZ,2023-03-15,25.19
XYZ,2023-03-16,25.66
XYZ,2023-03-17,26.29
XYZ,2023-03-20,26.35
XYZ,2023-03-21,26.10
XYZ,2023-03-22,25.45
XYZ,2023-03-23,25.14
XYZ,2023-03-24,25.24
XYZ,2023-03-27,25.26
XYZ,2023-03-28,25.77
XYZ,2023-03-29,25.54
XYZ,2023-03-30,25.32
XYZ,2023-03-31,25.52
XYZ,2023-04-03,25.67
XYZ,2023-04-04,25.21
XYZ,2023-04-05,25.35
XYZ,2023-04-06,25.70
XYZ,2023-04-07,25.76
XYZ,2023-04-10,26.72
XYZ,2023-04-11,26.86
XYZ,2023-04-12,26.54
XYZ,2023-04-13,26.83
XYZ,2023-04-14,26.71
XYZ,2023-04-17,27.18
XYZ,2023-04-18,27.43
XYZ,2023-04-19,27.56
XYZ,2023-04-20,27.80
XYZ,2023-04-21,28.40
XYZ,2023-04-24,28.76
XYZ,2023-04-25,28.80
XYZ,2023-04-26,28.28
XYZ,2023-04-27,28.19
XYZ,2023-04-28,28.36
XYZ,2023-05-01,28.77
XYZ,2023-05-02,28.26
XYZ,2023-05-03,28.20
XYZ,2023-05-04,28.32
XYZ,2023-05-05,28.12
XYZ,2023-05-08,27.98
XYZ,2023-05-09,27.79
XYZ,2023-05-10,27.28
XYZ,2023-05-11,27.62
XYZ,2023-05-12,27.01
XYZ,2023-05-15,26.94
XYZ,2023-05-16,26.67
XYZ,2023-05-17,26.71
XYZ,2023-05-18,26.80
XYZ,2023-05-19,26.96
XYZ,2023-05-22,27.14
XYZ,2023-05-23,26.63
XYZ,2023-05-24,26.13
XYZ,2023-05-25,26.26
XYZ,2023-05-26,25.87
XYZ,2023-05-29,25.83
XYZ,2023-05-30,25.56
XYZ,2023-05-31,25.45
XYZ,2023-06-01,25.40
XYZ,2023-06-02,25.32
XYZ,2023-06-05,25.32
XYZ,2023-06-06,25.34
XYZ,2023-06-07,25.25
XYZ,2023-06-08,25.59
XYZ,2023-06-09,25.94
XYZ,2023-06-12,25.91
XYZ,2023-06-13,25.48
XYZ,2023-06-14,25.63
XYZ,2023-06-15,25.74
XYZ,2023-06-16,25.57
XYZ,2023-06-19,24.90
XYZ,2023-06-20,25.05
XYZ,2023-06-21,25.31
XYZ,2023-06-22,25.55
XYZ,2023-06-23,25.37
XYZ,2023-06-26,25.72
XYZ,2023-06-27,25.56
XYZ,2023-06-28,25.60
XYZ,2023-06-29,25.55
XYZ,2023-06-30,25.38
XYZ,2023-07-03,25.02
XYZ,2023-07-04,24.89
XYZ,2023-07-05,24.87
XYZ,2023-07-06,24.82
XYZ,2023-07-07,24.92
XYZ,2023-07-10,24.87
XYZ,2023-07-11,25.15
XYZ,2023-07-12,24.91
XYZ,2023-07-13,25.01
XYZ,2023-07-14,25.28
XYZ,2023-07-17,25.53
XYZ,2023-07-18,25.45
XYZ,2023-07-19,25.63
XYZ,2023-07-20,25.80
XYZ,2023-07-21,25.78
XYZ,2023-07-24,25.89
XYZ,2023-07-25,25.83
XYZ,2023-07-26,25.93
XYZ,2023-07-27,25.65
XYZ,2023-07-28,25.54
XYZ,2023-07-31,25.69
XYZ,2023-08-01,25.85
XYZ,2023-08-02,25.62
XYZ,2023-08-03,25.47
XYZ,2023-08-04,25.47
XYZ,2023-08-07,25.55
XYZ,2023-08-08,25.63
XYZ,2023-08-09,25.87
XYZ,2023-08-10,25.59
XYZ,2023-08-11,26.38
XYZ,2023-08-14,26.36
XYZ,2023-08-15,26.44
XYZ,2023-08-16,26.20
XYZ,2023-08-17,26.31
XYZ,2023-08-18,26.33
XYZ,2023-08-21,26.02
XYZ,2023-08-22,26.09
XYZ,2023-08-23,26.26
XYZ,2023-08-24,26.55
XYZ,2023-08-25,27.09
XYZ,2023-08-28,27.22
XYZ,2023-08-29,27.98
XYZ,2023-08-30,27.72
XYZ,2023-08-31,27.55
XYZ,2023-09-01,27.71
XYZ,2023-09-04,26.97
XYZ,2023-09-05,26.87
XYZ,2023-09-06,26.94
XYZ,2023-09-07,27.49
XYZ,2023-09-08,27.39
XYZ,2023-09-11,28.30
XYZ,2023-09-12,28.52
XYZ,2023-09-13,28.54
XYZ,2023-09-14,28.94
XYZ,2023-09-15,28.29
XYZ,2023-09-18,28.21
XYZ,2023-09-19,28.05
XYZ,2023-09-20,27.94
XYZ,2023-09-21,27.42
XYZ,2023-09-22,27.66
XYZ,2023-09-25,27.35
XYZ,2023-09-26,27.61
XYZ,2023-09-27,27.54
XYZ,2023-09-28,27.31
XYZ,2023-09-29,27.12
XYZ,2023-10-02,27.22
XYZ,2023-10-03,27.04
XYZ,2023-10-04,27.44
XYZ,2023-10-05,27.64
XYZ,2023-10-06,27.64
XYZ,2023-10-09,28.16
XYZ,2023-10-10,28.25
XYZ,2023-10-11,27.59
XYZ,2023-10-12,27.89
XYZ,2023-10-13,27.77
XYZ,2023-10-16,27.91
XYZ,2023-10-17,27.72
XYZ,2023-10-18,27.74
XYZ,2023-10-19,28.17
XYZ,2023-10-20,28.38
XYZ,2023-10-23,28.28
XYZ,2023-10-24,28.58
XYZ,2023-10-25,28.50
XYZ,2023-10-26,28.18
XYZ,2023-10-27,28.85
XYZ,2023-10-30,28.44
XYZ,2023-10-31,29.10
XYZ,2023-11-01,28.35
XYZ,2023-11-02,28.44
XYZ,2023-11-03,28.69
XYZ,2023-11-06,28.41
XYZ,2023-11-07,28.62
XYZ,2023-11-08,28.63
XYZ,2023-11-09,28.44
XYZ,2023-11-10,28.43
XYZ,2023-11-13,28.42
XYZ,2023-11-14,28.55
XYZ,2023-11-15,28.87
XYZ,2023-11-16,29.44
XYZ,2023-11-17,29.74
XYZ,2023-11-20,29.16
XYZ,2023-11-21,28.89
XYZ,2023-11-22,28.56
XYZ,2023-11-23,28.68
XYZ,2023-11-24,28.52
XYZ,2023-11-27,28.00
XYZ,2023-11-28,28.03
XYZ,2023-11-29,27.79
XYZ,2023-11-30,27.99
XYZ,2023-12-01,27.73
XYZ,2023-12-04,27.79
XYZ,2023-12-05,28.36
XYZ,2023-12-06,27.85
XYZ,2023-12-07,27.65
XYZ,2023-12-08,27.08
XYZ,2023-12-11,26.92
XYZ,2023-12-12,26.73
XYZ,2023-12-13,26.72
XYZ,2023-12-14,26.24
XYZ,2023-12-15,26.30
XYZ,2023-12-18,26.33
XYZ,2023-12-19,26.15
XYZ,2023-12-20,26.17
XYZ,2023-12-21,26.10
XYZ,2023-12-22,26.22
XYZ,2023-12-25,26.18
XYZ,2023-12-26,26.80
XYZ,2023-12-27,26.83
XYZ,2023-12-28,26.84
XYZ,2023-12-29,27.29
XYZ,2024-01-01,27.81
XYZ,2024-01-02,27.66
XYZ,2024-01-03,27.91
XYZ,2024-01-04,27.40
XYZ,2024-01-05,27.66
XYZ,2024-01-08,27.38
XYZ,2024-01-09,27.63
XYZ,2024-01-10,27.25
XYZ,2024-01-11,27.16
XYZ,2024-01-12,27.52
XYZ,2024-01-15,27.21
XYZ,2024-01-16,27.78
XYZ,2024-01-17,27.68
XYZ,2024-01-18,27.10
XYZ,2024-01-19,26.63
XYZ,2024-01-22,26.81
XYZ,2024-01-23,27.33
XYZ,2024-01-24,27.35
XYZ,2024-01-25,28.00
XYZ,2024-01-26,27.73
XYZ,2024-01-29,27.38
XYZ,2024-01-30,28.05
XYZ,2024-01-31,28.68
XYZ,2024-02-01,28.42
XYZ,2024-02-02,28.47
XYZ,2024-02-05,28.10
XYZ,2024-02-06,28.11
XYZ,2024-02-07,28.24
XYZ,2024-02-08,28.40
XYZ,2024-02-09,28.46
XYZ,2024-02-12,28.21
XYZ,2024-02-13,28.43
XYZ,2024-02-14,28.45
XYZ,2024-02-15,28.60
XYZ,2024-02-16,29.15
XYZ,2024-02-19,29.43
XYZ,2024-02-20,29.59
XYZ,2024-02-21,30.33
XYZ,2024-02-22,30.41
XYZ,2024-02-23,30.59
XYZ,2024-02-26,30.36
XYZ,2024-02-27,30.03
XYZ,2024-02-28,29.93
XYZ,2024-02-29,30.29
XYZ,2024-03-01,30.20
XYZ,2024-03-04,29.66
XYZ,2024-03-05,29.56
XYZ,2024-03-06,29.19
XYZ,2024-03-07,29.31
XYZ,2024-03-08,28.61
XYZ,2024-03-11,28.28
XYZ,2024-03-12,28.61
XYZ,2024-03-13,28.45
XYZ,2024-03-14,28.19
XYZ,2024-03-15,28.53
XYZ,2024-03-18,28.32
XYZ,2024-03-19,28.61
XYZ,2024-03-20,28.80
XYZ,2024-03-21,29.33
XYZ,2024-03-22,29.03
XYZ,2024-03-25,28.60
XYZ,2024-03-26,28.94
XYZ,2024-03-27,28.73
XYZ,2024-03-28,28.32
XYZ,2024-03-29,28.45
XYZ,2024-04-01,28.15
XYZ,2024-04-02,28.47
XYZ,2024-04-03,27.88
XYZ,2024-04-04,27.53
XYZ,2024-04-05,27.78
XYZ,2024-04-08,27.86
XYZ,2024-04-09,28.89
XYZ,2024-04-10,29.00
XYZ,2024-04-11,28.97
XYZ,2024-04-12,29.57
XYZ,2024-04-15,29.76
XYZ,2024-04-16,29.34
XYZ,2024-04-17,29.49
XYZ,2024-04-18,29.39
XYZ,2024-04-19,29.46
XYZ,2024-04-22,29.28
XYZ,2024-04-23,29.49
XYZ,2024-04-24,29.15
XYZ,2024-04-25,28.79
XYZ,2024-04-26,28.97
XYZ,2024-04-29,28.03
XYZ,2024-04-30,27.98
XYZ,2024-05-01,28.72
XYZ,2024-05-02,28.93
XYZ,2024-05-03,28.80
XYZ,2024-05-06,28.45
XYZ,2024-05-07,28.70
XYZ,2024-05-08,28.32
XYZ,2024-05-09,28.03
XYZ,2024-05-10,28.40
XYZ,2024-05-13,28.85
XYZ,2024-05-14,28.53
XYZ,2024-05-15,28.26
XYZ,2024-05-16,28.34
XYZ,2024-05-17,28.90
XYZ,2024-05-20,28.60
XYZ,2024-05-21,28.17
XYZ,2024-05-22,28.20
XYZ,2024-05-23,27.80
XYZ,2024-05-24,27.91
XYZ,2024-05-27,27.46
XYZ,2024-05-28,27.38
XYZ,2024-05-29,27.39
XYZ,2024-05-30,27.74
XYZ,2024-05-31,27.66
XYZ,2024-06-03,28.02
XYZ,2024-06-04,27.86
XYZ,2024-06-05,27.84
XYZ,2024-06-06,27.67
XYZ,2024-06-07,27.57
XYZ,2024-06-10,27.86
XYZ,2024-06-11,28.35
XYZ,2024-06-12,28.51
XYZ,2024-06-13,28.88
XYZ,2024-06-14,29.64
XYZ,2024-06-17,29.83
XYZ,2024-06-18,29.74
XYZ,2024-06-19,30.22
XYZ,2024-06-20,30.13
XYZ,2024-06-21,30.39
XYZ,2024-06-24,30.25
XYZ,2024-06-25,30.17
XYZ,2024-06-26,30.60
XYZ,2024-06-27,31.28
XYZ,2024-06-28,30.80
XYZ,2024-07-01,31.07
XYZ,2024-07-02,31.24
XYZ,2024-07-03,31.65
XYZ,2024-07-04,32.07
XYZ,2024-07-05,31.74
XYZ,2024-07-08,31.97
XYZ,2024-07-09,32.47
XYZ,2024-07-10,32.27
XYZ,2024-07-11,32.37
XYZ,2024-07-12,32.52
XYZ,2024-07-15,32.31
XYZ,2024-07-16,32.89
XYZ,2024-07-17,32.60
XYZ,2024-07-18,33.14
XYZ,2024-07-19,33.12
XYZ,2024-07-22,33.66
XYZ,2024-07-23,33.29
XYZ,2024-07-24,33.62
XYZ,2024-07-25,34.08
XYZ,2024-07-26,34.43
XYZ,2024-07-29,34.56
XYZ,2024-07-30,34.57
XYZ,2024-07-31,34.51
XYZ,2024-08-01,34.39
XYZ,2024-08-02,34.40
XYZ,2024-08-05,34.99
XYZ,2024-08-06,35.04
XYZ,2024-08-07,34.95
XYZ,2024-08-08,35.50
XYZ,2024-08-09,35.98
XYZ,2024-08-12,36.25
XYZ,2024-08-13,36.44
XYZ,2024-08-14,36.09
XYZ,2024-08-15,36.50
XYZ,2024-08-16,37.00
XYZ,2024-08-19,37.12
XYZ,2024-08-20,36.66
XYZ,2024-08-21,37.60
XYZ,2024-08-22,37.61
XYZ,2024-08-23,37.92
XYZ,2024-08-26,38.03
XYZ,2024-08-27,38.47
XYZ,2024-08-28,37.53
XYZ,2024-08-29,37.71
XYZ,2024-08-30,38.03
XYZ,2024-09-02,37.39
XYZ,2024-09-03,37.93
XYZ,2024-09-04,37.23
XYZ,2024-09-05,36.91
XYZ,2024-09-06,36.98
XYZ,2024-09-09,37.41
XYZ,2024-09-10,37.02
XYZ,2024-09-11,37.61
XYZ,2024-09-12,37.23
XYZ,2024-09-13,37.05
XYZ,2024-09-16,36.59
XYZ,2024-09-17,36.67
XYZ,2024-09-18,36.20
XYZ,2024-09-19,36.70
XYZ,2024-09-20,37.39
XYZ,2024-09-23,38.38
XYZ,2024-09-24,39.62
XYZ,2024-09-25,39.95
XYZ,2024-09-26,39.63
XYZ,2024-09-27,39.02
XYZ,2024-09-30,39.41
XYZ,2024-10-01,40.30
XYZ,2024-10-02,39.64
XYZ,2024-10-03,39.58
XYZ,2024-10-04,40.48
XYZ,2024-10-07,40.91
XYZ,2024-10-08,40.78
XYZ,2024-10-09,41.03
XYZ,2024-10-10,40.21
XYZ,2024-10-11,40.67
XYZ,2024-10-14,40.85
XYZ,2024-10-15,40.04
XYZ,2024-10-16,39.83
XYZ,2024-10-17,39.71
XYZ,2024-10-18,39.32
XYZ,2024-10-21,38.38
XYZ,2024-10-22,38.71
XYZ,2024-10-23,39.11
XYZ,2024-10-24,38.55
XYZ,2024-10-25,38.98
XYZ,2024-10-28,38.52
XYZ,2024-10-29,38.94
XYZ,2024-10-30,38.25
XYZ,2024-10-31,38.94
XYZ,2024-11-01,38.46
XYZ,2024-11-04,38.00
XYZ,2024-11-05,38.90
XYZ,2024-11-06,38.87
XYZ,2024-11-07,38.83
XYZ,2024-11-08,39.66
XYZ,2024-11-11,40.42
XYZ,2024-11-12,40.19
XYZ,2024-11-13,39.55
XYZ,2024-11-14,38.85
XYZ,2024-11-15,38.11
XYZ,2024-11-18,37.77
XYZ,2024-11-19,37.83
XYZ,2024-11-20,38.26
XYZ,2024-11-21,37.86
XYZ,2024-11-22,38.31
XYZ,2024-11-25,38.00
XYZ,2024-11-26,37.93
XYZ,2024-11-27,37.68
XYZ,2024-11-28,37.07
XYZ,2024-11-29,37.46
XYZ,2024-12-02,38.90
XYZ,2024-12-03,38.92
XYZ,2024-12-04,38.25
XYZ,2024-12-05,38.23
XYZ,2024-12-06,37.42
XYZ,2024-12-09,37.84
XYZ,2024-12-10,37.64
XYZ,2024-12-11,37.74
XYZ,2024-12-12,38.19
XYZ,2024-12-13,38.43
XYZ,2024-12-16,38.37
XYZ,2024-12-17,38.61
XYZ,2024-12-18,38.51
XYZ,2024-12-19,39.28
XYZ,2024-12-20,39.33
XYZ,2024-12-23,39.67
XYZ,2024-12-24,40.26
XYZ,2024-12-25,40.60
XYZ,2024-12-26,42.05
XYZ,2024-12-27,42.70
XYZ,2024-12-30,43.04
XYZ,2024-12-31,43.37
XYZ,2025-01-01,43.41
XYZ,2025-01-02,42.46
XYZ,2025-01-03,42.57
XYZ,2025-01-06,42.09
XYZ,2025-01-07,41.79
XYZ,2025-01-08,42.20
XYZ,2025-01-09,42.58
XYZ,2025-01-10,42.35
XYZ,2025-01-13,41.30
XYZ,2025-01-14,41.34
XYZ,2025-01-15,40.60
XYZ,2025-01-16,40.26
XYZ,2025-01-17,40.72
XYZ,2025-01-20,40.07
XYZ,2025-01-21,40.01
XYZ,2025-01-22,39.21
XYZ,2025-01-23,39.68
XYZ,2025-01-24,39.11
XYZ,2025-01-27,39.44
XYZ,2025-01-28,39.87
XYZ,2025-01-29,40.06
XYZ,2025-01-30,40.32
XYZ,2025-01-31,40.94
XYZ,2025-02-03,41.05
XYZ,2025-02-04,40.94
XYZ,2025-02-05,41.06
XYZ,2025-02-06,40.66
XYZ,2025-02-07,40.91
XYZ,2025-02-10,41.19
XYZ,2025-02-11,40.70
XYZ,2025-02-12,41.10
XYZ,2025-02-13,40.42
XYZ,2025-02-14,40.32
XYZ,2025-02-17,40.55
XYZ,2025-02-18,40.35
XYZ,2025-02-19,40.98
XYZ,2025-02-20,40.39
XYZ,2025-02-21,39.61
XYZ,2025-02-24,40.02
XYZ,2025-02-25,38.83
XYZ,2025-02-26,39.64
XYZ,2025-02-27,39.39
XYZ,2025-02-28,39.26
XYZ,2025-03-03,39.40
XYZ,2025-03-04,38.63
XYZ,2025-03-05,39.01
XYZ,2025-03-06,38.84
XYZ,2025-03-07,39.13
XYZ,2025-03-10,38.94
XYZ,2025-03-11,38.04
XYZ,2025-03-12,38.91
XYZ,2025-03-13,37.62
XYZ,2025-03-14,36.92
XYZ,2025-03-17,36.82
XYZ,2025-03-18,37.50
XYZ,2025-03-19,37.69
XYZ,2025-03-20,37.45
XYZ,2025-03-21,37.46
XYZ,2025-03-24,37.38
XYZ,2025-03-25,37.21
XYZ,2025-03-26,37.31
XYZ,2025-03-27,36.64
XYZ,2025-03-28,37.00
XYZ,2025-03-31,36.87
XYZ,2025-04-01,36.77
XYZ,2025-04-02,36.54
XYZ,2025-04-03,36.11
XYZ,2025-04-04,36.24
XYZ,2025-04-07,35.97
XYZ,2025-04-08,35.66
XYZ,2025-04-09,35.80
XYZ,2025-04-10,35.76
XYZ,2025-04-11,35.64
XYZ,2025-04-14,35.82
XYZ,2025-04-15,35.56
XYZ,2025-04-16,35.62
XYZ,2025-04-17,35.27
XYZ,2025-04-18,34.64
XYZ,2025-04-21,34.95
XYZ,2025-04-22,34.42
XYZ,2025-04-23,35.14
XYZ,2025-04-24,35.89
XYZ,2025-04-25,35.79
XYZ,2025-04-28,35.90
XYZ,2025-04-29,35.68
XYZ,2025-04-30,35.69
XYZ,2025-05-01,36.34
XYZ,2025-05-02,35.94
XYZ,2025-05-05,35.90
XYZ,2025-05-06,35.35
XYZ,2025-05-07,34.96
XYZ,2025-05-08,35.35
XYZ,2025-05-09,36.24
XYZ,2025-05-12,35.48
XYZ,2025-05-13,35.56
XYZ,2025-05-14,36.11
XYZ,2025-05-15,35.47
XYZ,2025-05-16,35.04
XYZ,2025-05-19,34.69
XYZ,2025-05-20,35.06
XYZ,2025-05-21,35.98
XYZ,2025-05-22,35.93
XYZ,2025-05-23,36.47
XYZ,2025-05-26,36.57
XYZ,2025-05-27,35.73
XYZ,2025-05-28,36.20
XYZ,2025-05-29,35.65
XYZ,2025-05-30,35.15
XYZ,2025-06-02,34.45
XYZ,2025-06-03,35.22
XYZ,2025-06-04,35.01
XYZ,2025-06-05,35.35
XYZ,2025-06-06,35.18
XYZ,2025-06-09,34.63
XYZ,2025-06-10,34.13
XYZ,2025-06-11,34.07
XYZ,2025-06-12,34.14
XYZ,2025-06-13,34.07
XYZ,2025-06-16,33.58
XYZ,2025-06-17,33.35
XYZ,2025-06-18,33.36
XYZ,2025-06-19,33.18
XYZ,2025-06-20,33.67
XYZ,2025-06-23,33.19
XYZ,2025-06-24,33.26
XYZ,2025-06-25,33.18
XYZ,2025-06-26,32.96
XYZ,2025-06-27,33.14
XYZ,2025-06-30,33.07
XYZ,2025-07-01,33.15
XYZ,2025-07-02,33.24
XYZ,2025-07-03,33.37
XYZ,2025-07-04,33.03
XYZ,2025-07-07,33.33
XYZ,2025-07-08,33.45
XYZ,2025-07-09,34.09
XYZ,2025-07-10,34.04
XYZ,2025-07-11,34.01
XYZ,2025-07-14,34.15
XYZ,2025-07-15,34.21
XYZ,2025-07-16,34.54
XYZ,2025-07-17,34.49
XYZ,2025-07-18,35.28
XYZ,2025-07-21,36.11
XYZ,2025-07-22,36.17
XYZ,2025-07-23,36.27
XYZ,2025-07-24,35.93
XYZ,2025-07-25,36.02
XYZ,2025-07-28,36.35
XYZ,2025-07-29,36.04
XYZ,2025-07-30,35.79
XYZ,2025-07-31,35.35
XYZ,2025-08-01,35.16
XYZ,2025-08-04,35.02
XYZ,2025-08-05,34.93
XYZ,2025-08-06,35.45
XYZ,2025-08-07,35.56
XYZ,2025-08-08,34.97
XYZ,2025-08-11,34.55
XYZ,2025-08-12,34.95
XYZ,2025-08-13,35.64
XYZ,2025-08-14,35.08
XYZ,2025-08-15,35.72
XYZ,2025-08-18,35.37
XYZ,2025-08-19,35.18
XYZ,2025-08-20,35.60
XYZ,2025-08-21,34.83
XYZ,2025-08-22,34.36
XYZ,2025-08-25,34.68
XYZ,2025-08-26,34.66
XYZ,2025-08-27,35.35
XYZ,2025-08-28,35.56
XYZ,2025-08-29,34.87
XYZ,2025-09-01,34.91
XYZ,2025-09-02,34.37
XYZ,2025-09-03,34.42
XYZ,2025-09-04,34.58
XYZ,2025-09-05,34.76
XYZ,2025-09-08,35.01
XYZ,2025-09-09,34.99
XYZ,2025-09-10,35.61
XYZ,2025-09-11,35.68
XYZ,2025-09-12,35.24
XYZ,2025-09-15,35.42
XYZ,2025-09-16,34.95
XYZ,2025-09-17,35.05
XYZ,2025-09-18,34.98
XYZ,2025-09-19,34.99
XYZ,2025-09-22,34.99
XYZ,2025-09-23,34.86
XYZ,2025-09-24,34.68
XYZ,2025-09-25,34.33
XYZ,2025-09-26,34.08
XYZ,2025-09-29,33.48
XYZ,2025-09-30,33.70
XYZ,2025-10-01,33.67
XYZ,2025-10-02,33.27
XYZ,2025-10-03,32.72
XYZ,2025-10-06,33.03
XYZ,2025-10-07,33.25
XYZ,2025-10-08,33.76
XYZ,2025-10-09,32.85
XYZ,2025-10-10,32.94
XYZ,2025-10-13,33.00
XYZ,2025-10-14,32.97
XYZ,2025-10-15,33.02
XYZ,2025-10-16,32.61
XYZ,2025-10-17,32.74
XYZ,2025-10-20,33.25
XYZ,2025-10-21,33.39
XYZ,2025-10-22,33.92
XYZ,2025-10-23,34.10
XYZ,2025-10-24,34.25
XYZ,2025-10-27,33.68
XYZ,2025-10-28,34.19
XYZ,2025-10-29,34.29
XYZ,2025-10-30,34.66
XYZ,2025-10-31,34.29
XYZ,2025-11-03,35.20
XYZ,2025-11-04,34.91
XYZ,2025-11-05,35.14
XYZ,2025-11-06,34.66
XYZ,2025-11-07,34.69
XYZ,2025-11-10,34.73
XYZ,2025-11-11,34.13
XYZ,2025-11-12,33.29
XYZ,2025-11-13,32.94
XYZ,2025-11-14,33.25
XYZ,2025-11-17,33.32
XYZ,2025-11-18,33.98
XYZ,2025-11-19,33.81
XYZ,2025-11-20,33.68
XYZ,2025-11-21,33.41
XYZ,2025-11-24,33.75
XYZ,2025-11-25,34.26
XYZ,2025-11-26,34.49
XYZ,2025-11-27,35.06
XYZ,2025-11-28,35.55
XYZ,2025-12-01,35.89
XYZ,2025-12-02,35.78
XYZ,2025-12-03,34.76
XYZ,2025-12-04,34.46
XYZ,2025-12-05,33.62
XYZ,2025-12-08,34.05
XYZ,2025-12-09,34.00
XYZ,2025-12-10,33.63
XYZ,2025-12-11,33.81
XYZ,2025-12-12,33.97
XYZ,2025-12-15,34.36
XYZ,2025-12-16,34.17
XYZ,2025-12-17,34.27
XYZ,2025-12-18,34.05
XYZ,2025-12-19,34.36
XYZ,2025-12-22,34.48
XYZ,2025-12-23,34.09
XYZ,2025-12-24,33.79
XYZ,2025-12-25,34.21
XYZ,2025-12-26,34.34
XYZ,2025-12-29,34.17
XYZ,2025-12-30,33.67
XYZ,2025-12-31,34.18
XYZ,2026-01-01,34.11
XYZ,2026-01-02,33.80
XYZ,2026-01-05,33.80
XYZ,2026-01-06,33.19
XYZ,2026-01-07,34.18
XYZ,2026-01-08,34.22
XYZ,2026-01-09,34.61
XYZ,2026-01-12,34.14
XYZ,2026-01-13,34.28
XYZ,2026-01-14,34.20
XYZ,2026-01-15,34.68
XYZ,2026-01-16,34.67
XYZ,2026-01-19,33.92
XYZ,2026-01-20,34.21
XYZ,2026-01-21,34.37
XYZ,2026-01-22,34.59
XYZ,2026-01-23,33.86
XYZ,2026-01-26,33.38
XYZ,2026-01-27,33.56
XYZ,2026-01-28,33.54
XYZ,2026-01-29,34.39
XYZ,2026-01-30,34.52
XYZ,2026-02-02,34.23
XYZ,2026-02-03,34.09
XYZ,2026-02-04,33.71
XYZ,2026-02-05,33.53
XYZ,2026-02-06,33.65
XYZ,2026-02-09,33.28
XYZ,2026-02-10,33.53
XYZ,2026-02-11,32.61
XYZ,2026-02-12,32.35
XYZ,2026-02-13,31.95
XYZ,2026-02-16,31.85
XYZ,2026-02-17,31.60
XYZ,2026-02-18,31.88
XYZ,2026-02-19,31.49
XYZ,2026-02-20,31.50
XYZ,2026-02-23,31.81
XYZ,2026-02-24,31.62
XYZ,2026-02-25,31.51
XYZ,2026-02-26,31.10
XYZ,2026-02-27,31.24
XYZ,2026-03-02,31.05
XYZ,2026-03-03,31.14
XYZ,2026-03-04,31.30
XYZ,2026-03-05,31.38
XYZ,2026-03-06,31.00
XYZ,2026-03-09,30.79
XYZ,2026-03-10,31.19
XYZ,2026-03-11,31.34
XYZ,2026-03-12,31.27
XYZ,2026-03-13,31.66
XYZ,2026-03-16,31.16
XYZ,2026-03-17,30.91
XYZ,2026-03-18,30.89
XYZ,2026-03-19,31.51
XYZ,2026-03-20,32.20
XYZ,2026-03-23,31.97
XYZ,2026-03-24,32.10
XYZ,2026-03-25,32.30
XYZ,2026-03-26,32.11
XYZ,2026-03-27,31.93
XYZ,2026-03-30,32.84
XYZ,2026-03-31,33.33
XYZ,2026-04-01,32.45
XYZ,2026-04-02,31.99
XYZ,2026-04-03,31.86
XYZ,2026-04-06,31.62
XYZ,2026-04-07,31.60
XYZ,2026-04-08,31.36
XYZ,2026-04-09,31.51
XYZ,2026-04-10,32.07
XYZ,2026-04-13,31.83
XYZ,2026-04-14,31.93
XYZ,2026-04-15,31.84
XYZ,2026-04-16,32.38
XYZ,2026-04-17,32.34
XYZ,2026-04-20,32.36
XYZ,2026-04-21,32.26
XYZ,2026-04-22,31.67
XYZ,2026-04-23,32.41
XYZ,2026-04-24,32.68
XYZ,2026-04-27,32.39
XYZ,2026-04-28,32.27
XYZ,2026-04-29,32.43
XYZ,2026-04-30,32.92
XYZ,2026-05-01,32.50
XYZ,2026-05-04,32.74
XYZ,2026-05-05,32.79
XYZ,2026-05-06,32.47
XYZ,2026-05-07,32.20
XYZ,2026-05-08,32.01
XYZ,2026-05-11,32.30
XYZ,2026-05-12,32.57
XYZ,2026-05-13,32.12
XYZ,2026-05-14,31.89
XYZ,2026-05-15,31.45
XYZ,2026-05-18,31.91
XYZ,2026-05-19,32.64
XYZ,2026-05-20,32.89
XYZ,2026-05-21,33.33
XYZ,2026-05-22,33.50
XYZ,2026-05-25,33.17
XYZ,2026-05-26,33.56
XYZ,2026-05-27,33.34
XYZ,2026-05-28,33.20
XYZ,2026-05-29,32.60
XYZ,2026-06-01,33.19
XYZ,2026-06-02,33.17
XYZ,2026-06-03,33.10
XYZ,2026-06-04,33.45
XYZ,2026-06-05,32.95
XYZ,2026-06-08,32.37
XYZ,2026-06-09,31.97
XYZ,2026-06-10,32.05
XYZ,2026-06-11,32.06
XYZ,2026-06-12,32.62
XYZ,2026-06-15,32.84
XYZ,2026-06-16,33.02
XYZ,2026-06-17,32.58
XYZ,2026-06-18,32.62
XYZ,2026-06-19,32.72
XYZ,2026-06-22,33.12
XYZ,2026-06-23,33.25
XYZ,2026-06-24,33.90
XYZ,2026-06-25,34.29
XYZ,2026-06-26,34.24
XYZ,2026-06-29,34.60
XYZ,2026-06-30,34.32
XYZ,2026-07-01,34.28
XYZ,2026-07-02,33.75
XYZ,2026-07-03,33.82
XYZ,2026-07-06,34.13
XYZ,2026-07-07,33.70
XYZ,2026-07-08,34.66
XYZ,2026-07-09,34.67
XYZ,2026-07-10,34.56
XYZ,2026-07-13,35.30
XYZ,2026-07-14,35.25
XYZ,2026-07-15,35.29
XYZ,2026-07-16,35.20
XYZ,2026-07-17,34.93
XYZ,2026-07-20,34.99
XYZ,2026-07-21,35.39
XYZ,2026-07-22,35.48
XYZ,2026-07-23,35.67
XYZ,2026-07-24,35.19
XYZ,2026-07-27,35.22
XYZ,2026-07-28,35.79
XYZ,2026-07-29,36.02
XYZ,2026-07-30,35.87
XYZ,2026-07-31,36.45
XYZ,2026-08-03,36.12
XYZ,2026-08-04,36.17
XYZ,2026-08-05,36.54
XYZ,2026-08-06,37.06
XYZ,2026-08-07,36.92
XYZ,2026-08-10,37.04
XYZ,2026-08-11,37.49
XYZ,2026-08-12,38.05
XYZ,2026-08-13,37.69
XYZ,2026-08-14,37.31
XYZ,2026-08-17,37.32
XYZ,2026-08-18,37.18
XYZ,2026-08-19,37.10
XYZ,2026-08-20,38.15
XYZ,2026-08-21,38.15
XYZ,2026-08-24,37.67
XYZ,2026-08-25,38.05
XYZ,2026-08-26,37.89
XYZ,2026-08-27,38.00
XYZ,2026-08-28,38.54
XYZ,2026-08-31,38.64
XYZ,2026-09-01,39.30
XYZ,2026-09-02,39.25
XYZ,2026-09-03,39.84
XYZ,2026-09-04,39.96
XYZ,2026-09-07,40.25
XYZ,2026-09-08,40.54
XYZ,2026-09-09,40.71
XYZ,2026-09-10,40.41
XYZ,2026-09-11,39.91
XYZ,2026-09-14,39.77
XYZ,2026-09-15,40.42
XYZ,2026-09-16,40.23
XYZ,2026-09-17,41.03
XYZ,2026-09-18,41.53
XYZ,2026-09-21,41.70
XYZ,2026-09-22,41.69
XYZ,2026-09-23,40.32
XYZ,2026-09-24,39.88
XYZ,2026-09-25,39.97
